Sanger_Sample_ID,Pool,Original_well,Run,Lane,Tag,Replicate,Source_sample,Species,Conc_ng_ul,Note
mxPCR8736957,1,A1,32888,1,1,e1_f15_un1_51c,e1_f15_un1_51c,Anopheles_stephensi,0.74,"stephensi (unfed 1) 1st lysis, 0.74ng/ul"
mxPCR8736958,1,B1,32888,1,2,e1_f15_un2_51c,e1_f15_un2_51c,Anopheles_stephensi,0.57,"stephensi (unfed 2) 1st lysis, 0.57ng/ul"
mxPCR8736959,1,C1,32888,1,3,e1_f15_un3_51c,e1_f15_un3_51c,Anopheles_stephensi,0.59,"stephensi (unfed 3) 1st lysis, 0.59ng/ul"
mxPCR8736960,1,D1,32888,1,4,e1_f15_un4_51c,e1_f15_un4_51c,Anopheles_stephensi,0.52,"stephensi (unfed 4) 1st lysis, 0.52ng/ul"
mxPCR8736961,1,E1,32888,1,5,e1_f15_un5_51c,e1_f15_un5_51c,Anopheles_stephensi,0.51,"stephensi (unfed 5) 1st lysis, 0.51ng/ul"
mxPCR8736962,1,F1,32888,1,6,e1_f15_un6_51c,e1_f15_un6_51c,Anopheles_stephensi,0.64,"stephensi (unfed 6) 1st lysis, 0.64ng/ul"
mxPCR8736963,1,G1,32888,1,7,e1_f15_un7_51c,e1_f15_un7_51c,Anopheles_stephensi,0.63,"stephensi (unfed 7) 1st lysis, 0.63ng/ul"
mxPCR8736964,1,H1,32888,1,8,e1_f15_un8_51c,e1_f15_un8_51c,Anopheles_stephensi,0.58,"stephensi (unfed 8) 1st lysis, 0.58ng/ul"
mxPCR8736965,1,A2,32888,1,9,e1_f15_1d1_51c,e1_f15_1d1_51c,Anopheles_stephensi,0.97,"feed 15 - 24h 1 - 1st lysis, 0.97ng/ul"
mxPCR8736966,1,B2,32888,1,10,e1_f15_1d2_51c,e1_f15_1d2_51c,Anopheles_stephensi,1.51,"feed 15 - 24h 2 - 1st lysis, 1.51ng/ul"
mxPCR8736967,1,C2,32888,1,11,e1_f15_1d3_51c,e1_f15_1d3_51c,Anopheles_stephensi,1.03,"feed 15 - 24h 3 - 1st lysis, 1.03ng/ul"
mxPCR8736968,1,D2,32888,1,12,e1_f15_1d4_51c,e1_f15_1d4_51c,Anopheles_stephensi,1.06,"feed 15 - 24h 4 - 1st lysis, 1.06ng/ul"
mxPCR8736969,1,E2,32888,1,13,e1_f15_1d5_51c,e1_f15_1d5_51c,Anopheles_stephensi,1.04,"feed 15 - 24h 5 - 1st lysis, 1.04ng/ul"
mxPCR8736970,1,F2,32888,1,14,e1_f15_1d6_51c,e1_f15_1d6_51c,Anopheles_stephensi,0.9,"feed 15 - 24h 6 - 1st lysis, 0.90ng/ul"
mxPCR8736971,1,G2,32888,1,15,e1_f15_1d7_51c,e1_f15_1d7_51c,Anopheles_stephensi,1.07,"feed 15 - 24h 7 - 1st lysis, 1.07ng/ul"
mxPCR8736972,1,H2,32888,1,16,e1_f15_1d8_51c,e1_f15_1d8_51c,Anopheles_stephensi,0.47,"feed 15 - 24h 8 - 1st lysis, 0.47ng/ul"
mxPCR8736973,1,A3,32888,1,17,e1_f15_1d9_51c,e1_f15_1d9_51c,Anopheles_stephensi,0.88,"feed 15 - 24h 9 - 1st lysis, 0.88ng/ul"
mxPCR8736974,1,B3,32888,1,18,e1_f15_1d10_51c,e1_f15_1d10_51c,Anopheles_stephensi,0.95,"feed 15 - 24h 10 - 1st lysis, 0.95ng/ul"
mxPCR8736975,1,C3,32888,1,19,e1_f15_1d11_51c,e1_f15_1d11_51c,Anopheles_stephensi,0.52,"feed 15 - 24h 11 - 1st lysis, 0.52ng/ul"
mxPCR8736976,1,D3,32888,1,20,e1_f15_1d12_51c,e1_f15_1d12_51c,Anopheles_stephensi,0.85,"feed 15 - 24h 12 - 1st lysis, 0.85ng/ul"
mxPCR8736977,1,E3,32888,1,21,e1_f15_1d13_51c,e1_f15_1d13_51c,Anopheles_stephensi,0.54,"feed 15 - 24h 13 - 1st lysis, 0.54ng/ul"
mxPCR8736978,1,F3,32888,1,22,e1_f15_1d14_51c,e1_f15_1d14_51c,Anopheles_stephensi,0.65,"feed 15 - 24h 14 - 1st lysis, 0.65ng/ul"
mxPCR8736979,1,G3,32888,1,23,e1_f15_1d15_51c,e1_f15_1d15_51c,Anopheles_stephensi,0.9,"feed 15 - 24h 15 - 1st lysis, 0.90ng/ul"
mxPCR8736980,1,H3,32888,1,24,e1_f15_1d16_51c,e1_f15_1d16_51c,Anopheles_stephensi,1.06,"feed 15 - 24h 16 - 1st lysis, 1.06ng/ul"
mxPCR8736981,1,A4,32888,1,25,e1_f15_8d1_51c,e1_f15_8d1_51c,Anopheles_stephensi,0.47,"feed 15 - D8 1 - 1st lysis, 0.47ng/ul"
mxPCR8736982,1,B4,32888,1,26,e1_f15_8d2_51c,e1_f15_8d2_51c,Anopheles_stephensi,1.02,"feed 15 - D8 2 - 1st lysis, 1.02ng/ul"
mxPCR8736983,1,C4,32888,1,27,e1_f15_8d3_51c,e1_f15_8d3_51c,Anopheles_stephensi,0.56,"feed 15 - D8 3 - 1st lysis, 0.56ng/ul"
mxPCR8736984,1,D4,32888,1,28,e1_f15_8d4_51c,e1_f15_8d4_51c,Anopheles_stephensi,1.03,"feed 15 - D8 4 - 1st lysis, 1.03ng/ul"
mxPCR8736985,1,E4,32888,1,29,e1_f15_8d5_51c,e1_f15_8d5_51c,Anopheles_stephensi,0.77,"feed 15 - D8 5 - 1st lysis, 0.77ng/ul"
mxPCR8736986,1,F4,32888,1,30,e1_f15_8d6_51c,e1_f15_8d6_51c,Anopheles_stephensi,0.7,"feed 15 - D8 6 - 1st lysis, 0.70ng/ul"
mxPCR8736987,1,G4,32888,1,31,e1_f15_8d7_51c,e1_f15_8d7_51c,Anopheles_stephensi,0.68,"feed 15 - D8 7 - 1st lysis, 0.68ng/ul"
mxPCR8736988,1,H4,32888,1,32,e1_f15_8d8_51c,e1_f15_8d8_51c,Anopheles_stephensi,0.98,"feed 15 - D8 8 - 1st lysis, 0.98ng/ul"
mxPCR8736989,1,A5,32888,1,33,e1_f15_8d9_51c,e1_f15_8d9_51c,Anopheles_stephensi,1.33,"feed 15 - D8 9 - 1st lysis, 1.33ng/ul"
mxPCR8736990,1,B5,32888,1,34,e1_f15_8d10_51c,e1_f15_8d10_51c,Anopheles_stephensi,1.04,"feed 15 - D8 10 - 1st lysis, 1.04ng/ul"
mxPCR8736991,1,C5,32888,1,35,e1_f15_8d11_51c,e1_f15_8d11_51c,Anopheles_stephensi,0.76,"feed 15 - D8 11 - 1st lysis, 0.76ng/ul"
mxPCR8736992,1,D5,32888,1,36,e1_f15_8d12_51c,e1_f15_8d12_51c,Anopheles_stephensi,0.76,"feed 15 - D8 12 - 1st lysis, 0.76ng/ul"
mxPCR8736993,1,E5,32888,1,37,e1_f15_8d13_51c,e1_f15_8d13_51c,Anopheles_stephensi,0.69,"feed 15 - D8 13 - 1st lysis, 0.69ng/ul"
mxPCR8736994,1,F5,32888,1,38,e1_f15_8d14_51c,e1_f15_8d14_51c,Anopheles_stephensi,1.05,"feed 15 - D8 14 - 1st lysis, 1.05ng/ul"
mxPCR8736995,1,G5,32888,1,39,e1_f15_8d15_51c,e1_f15_8d15_51c,Anopheles_stephensi,0.77,"feed 15 - D8 15 - 1st lysis, 0.77ng/ul"
mxPCR8736996,1,H5,32888,1,40,e1_f15_8d16_51c,e1_f15_8d16_51c,Anopheles_stephensi,0.98,"feed 15 - D8 16 - 1st lysis, 0.98ng/ul"
mxPCR8736997,1,A6,32888,1,41,e1_f15_13d1_51c,e1_f15_13d1_51c,Anopheles_stephensi,0.71,"feed 15 - D13 1 - 1st lysis, 0.71ng/ul"
mxPCR8736998,1,B6,32888,1,42,e1_f15_13d2_51c,e1_f15_13d2_51c,Anopheles_stephensi,0.72,"feed 15 - D13 2 - 1st lysis, 0.72ng/ul"
mxPCR8736999,1,C6,32888,1,43,e1_f15_13d3_51c,e1_f15_13d3_51c,Anopheles_stephensi,0.7,"feed 15 - D13 3 - 1st lysis, 0.70ng/ul"
mxPCR8737000,1,D6,32888,1,44,e1_f15_13d4_51c,e1_f15_13d4_51c,Anopheles_stephensi,0.54,"feed 15 - D13 4 - 1st lysis, 0.54ng/ul"
mxPCR8737001,1,E6,32888,1,45,e1_f15_13d5_51c,e1_f15_13d5_51c,Anopheles_stephensi,0.5,"feed 15 - D13 5 - 1st lysis, 0.50ng/ul"
mxPCR8737002,1,F6,32888,1,46,e1_f15_13d6_51c,e1_f15_13d6_51c,Anopheles_stephensi,0.53,"feed 15 - D13 6 - 1st lysis, 0.53ng/ul"
mxPCR8737003,1,G6,32888,1,47,e1_f15_13d7_51c,e1_f15_13d7_51c,Anopheles_stephensi,0.85,"feed 15 - D13 7 - 1st lysis, 0.85ng/ul"
mxPCR8737004,1,H6,32888,1,48,e1_f15_13d8_51c,e1_f15_13d8_51c,Anopheles_stephensi,0.88,"feed 15 - D13 8 - 1st lysis, 0.88ng/ul"
mxPCR8737005,1,A7,32888,1,49,e1_f15_14d1_51c,e1_f15_14d1_51c,Anopheles_stephensi,0.67,"feed 15 - D14 1 - 1st lysis, 0.67ng/ul"
mxPCR8737006,1,B7,32888,1,50,e1_f15_14d2_51c,e1_f15_14d2_51c,Anopheles_stephensi,0.79,"feed 15 - D14 2 - 1st lysis, 0.79ng/ul"
mxPCR8737007,1,C7,32888,1,51,e1_f15_14d3_51c,e1_f15_14d3_51c,Anopheles_stephensi,0.82,"feed 15 - D14 3 - 1st lysis, 0.82ng/ul"
mxPCR8737008,1,D7,32888,1,52,e1_f15_14d4_51c,e1_f15_14d4_51c,Anopheles_stephensi,0.92,"feed 15 - D14 4 - 1st lysis, 0.92ng/ul"
mxPCR8737009,1,E7,32888,1,53,e1_f15_14d5_51c,e1_f15_14d5_51c,Anopheles_stephensi,0.72,"feed 15 - D14 5 - 1st lysis, 0.72ng/ul"
mxPCR8737010,1,F7,32888,1,54,e1_f15_14d6_51c,e1_f15_14d6_51c,Anopheles_stephensi,0.63,"feed 15 - D14 6 - 1st lysis, 0.63ng/ul"
mxPCR8737011,1,G7,32888,1,55,e1_f15_14d7_51c,e1_f15_14d7_51c,Anopheles_stephensi,0.44,"feed 15 - D14 7 - 1st lysis, 0.44ng/ul"
mxPCR8737012,1,H7,32888,1,56,e1_f15_14d8_51c,e1_f15_14d8_51c,Anopheles_stephensi,0.62,"feed 15 - D14 8 - 1st lysis, 0.62ng/ul"
mxPCR8737013,1,A8,32888,1,57,e1_blank_51c,e1_blank_51c,blank_sample,0,blank
mxPCR8737014,1,A9,32888,1,58,e1_f16_1d1_51c,e1_f16_1d1_51c,Anopheles_stephensi,0.71,"feed 16 - 24h 1 - 1st lysis, 0.71ng/ul"
mxPCR8737015,1,B9,32888,1,59,e1_f16_1d2_51c,e1_f16_1d2_51c,Anopheles_stephensi,1.32,"feed 16 - 24h 2 - 1st lysis, 1.32ng/ul"
mxPCR8737016,1,C9,32888,1,60,e1_f16_1d3_51c,e1_f16_1d3_51c,Anopheles_stephensi,1.21,"feed 16 - 24h 3 - 1st lysis, 1.21ng/ul"
mxPCR8737017,1,D9,32888,1,61,e1_f16_1d4_51c,e1_f16_1d4_51c,Anopheles_stephensi,1.06,"feed 16 - 24h 4 - 1st lysis, 1.06ng/ul"
mxPCR8737018,1,E9,32888,1,62,e1_f16_1d5_51c,e1_f16_1d5_51c,Anopheles_stephensi,0.72,"feed 16 - 24h 5 - 1st lysis, 0.72ng/ul"
mxPCR8737019,1,F9,32888,1,63,e1_f16_1d6_51c,e1_f16_1d6_51c,Anopheles_stephensi,1.29,"feed 16 - 24h 6 - 1st lysis, 1.29ng/ul"
mxPCR8737020,1,G9,32888,1,64,e1_f16_1d7_51c,e1_f16_1d7_51c,Anopheles_stephensi,0.75,"feed 16 - 24h 7 - 1st lysis, 0.75ng/ul"
mxPCR8737021,1,H9,32888,1,65,e1_f16_1d8_51c,e1_f16_1d8_51c,Anopheles_stephensi,0.99,"feed 16 - 24h 8 - 1st lysis, 0.99ng/ul"
mxPCR8737022,1,A10,32888,1,66,e1_f16_1d9_51c,e1_f16_1d9_51c,Anopheles_stephensi,1.03,"feed 16 - 24h 9 - 1st lysis, 1.03ng/ul"
mxPCR8737023,1,B10,32888,1,67,e1_f16_1d10_51c,e1_f16_1d10_51c,Anopheles_stephensi,1.4,"feed 16 - 24h 10 - 1st lysis, 1.40ng/ul"
mxPCR8737024,1,C10,32888,1,68,e1_f16_1d11_51c,e1_f16_1d11_51c,Anopheles_stephensi,1.29,"feed 16 - 24h 11 - 1st lysis, 1.29ng/ul"
mxPCR8737025,1,D10,32888,1,69,e1_f16_1d12_51c,e1_f16_1d12_51c,Anopheles_stephensi,1.65,"feed 16 - 24h 12 - 1st lysis, 1.65ng/ul"
mxPCR8737026,1,E10,32888,1,70,e1_f16_1d13_51c,e1_f16_1d13_51c,Anopheles_stephensi,1.52,"feed 16 - 24h 13 - 1st lysis, 1.52ng/ul"
mxPCR8737027,1,F10,32888,1,71,e1_f16_1d14_51c,e1_f16_1d14_51c,Anopheles_stephensi,1.51,"feed 16 - 24h 14 - 1st lysis, 1.51ng/ul"
mxPCR8737028,1,G10,32888,1,72,e1_f16_1d15_51c,e1_f16_1d15_51c,Anopheles_stephensi,1.81,"feed 16 - 24h 15 - 1st lysis, 1.81ng/ul"
mxPCR8737029,1,H10,32888,1,73,e1_f16_1d16_51c,e1_f16_1d16_51c,Anopheles_stephensi,1.49,"feed 16 - 24h 16 - 1st lysis, 1.49ng/ul"
mxPCR8737030,1,A11,32888,1,74,e1_f16_9d1_51c,e1_f16_9d1_51c,Anopheles_stephensi,0.52,"feed 16 - D9 1 - 1st lysis, 0.52ng/ul"
mxPCR8737031,1,B11,32888,1,75,e1_f16_9d2_51c,e1_f16_9d2_51c,Anopheles_stephensi,1.07,"feed 16 - D9 2 - 1st lysis, 1.07ng/ul"
mxPCR8737032,1,C11,32888,1,76,e1_f16_9d3_51c,e1_f16_9d3_51c,Anopheles_stephensi,0.83,"feed 16 - D9 3 - 1st lysis, 0.83ng/ul"
mxPCR8737033,1,D11,32888,1,77,e1_f16_9d4_51c,e1_f16_9d4_51c,Anopheles_stephensi,0.73,"feed 16 - D9 4 - 1st lysis, 0.73ng/ul"
mxPCR8737034,1,E11,32888,1,78,e1_f16_9d5_51c,e1_f16_9d5_51c,Anopheles_stephensi,0.99,"feed 16 - D9 5 - 1st lysis, 0.99ng/ul"
mxPCR8737035,1,F11,32888,1,79,e1_f16_9d6_51c,e1_f16_9d6_51c,Anopheles_stephensi,0.47,"feed 16 - D9 6 - 1st lysis, 0.47ng/ul"
mxPCR8737036,1,G11,32888,1,80,e1_f16_9d7_51c,e1_f16_9d7_51c,Anopheles_stephensi,0.65,"feed 16 - D9 7 - 1st lysis, 0.65ng/ul"
mxPCR8737037,1,H11,32888,1,81,e1_f16_9d8_51c,e1_f16_9d8_51c,Anopheles_stephensi,0.69,"feed 16 - D9 8 - 1st lysis, 0.69ng/ul"
mxPCR8737038,1,A12,32888,1,82,e1_f16_9d9_51c,e1_f16_9d9_51c,Anopheles_stephensi,0.95,"feed 16 - D9 9 - 1st lysis, 0.95ng/ul"
mxPCR8737039,1,B12,32888,1,83,e1_f16_9d10_51c,e1_f16_9d10_51c,Anopheles_stephensi,0.76,"feed 16 - D9 10 - 1st lysis, 0.76ng/ul"
mxPCR8737040,1,C12,32888,1,84,e1_f16_9d11_51c,e1_f16_9d11_51c,Anopheles_stephensi,0.56,"feed 16 - D9 11 - 1st lysis, 0.56ng/ul"
mxPCR8737041,1,D12,32888,1,85,e1_f16_9d12_51c,e1_f16_9d12_51c,Anopheles_stephensi,0.66,"feed 16 - D9 12 - 1st lysis, 0.66ng/ul"
mxPCR8737042,1,E12,32888,1,86,e1_f16_9d13_51c,e1_f16_9d13_51c,Anopheles_stephensi,0.94,"feed 16 - D9 13 - 1st lysis, 0.94ng/ul"
mxPCR8737043,1,F12,32888,1,87,e1_f16_9d14_51c,e1_f16_9d14_51c,Anopheles_stephensi,1.03,"feed 16 - D9 14 - 1st lysis, 1.03ng/ul"
mxPCR8737044,1,G12,32888,1,88,e1_f16_9d15_51c,e1_f16_9d15_51c,Anopheles_stephensi,1.01,"feed 16 - D9 15 - 1st lysis, 1.01ng/ul"
mxPCR8737045,1,H12,32888,1,89,e1_f16_9d16_51c,e1_f16_9d16_51c,Anopheles_stephensi,0.57,"feed 16 - D9 16 - 1st lysis, 0.57ng/ul"
mxPCR8737046,1,A1,32888,1,90,e2_f15_un1_51c,e2_f15_un1_51c,Anopheles_stephensi,0.73,"stephensi (unfed 1) 2nd lysis, 0.73ng/ul"
mxPCR8737047,1,B1,32888,1,91,e2_f15_un2_51c,e2_f15_un2_51c,Anopheles_stephensi,0.56,"stephensi (unfed 2) 2nd lysis, 0.56ng/ul"
mxPCR8737048,1,C1,32888,1,92,e2_f15_un3_51c,e2_f15_un3_51c,Anopheles_stephensi,0.73,"stephensi (unfed 3) 2nd lysis, 0.73ng/ul"
mxPCR8737049,1,D1,32888,1,93,e2_f15_un4_51c,e2_f15_un4_51c,Anopheles_stephensi,0.61,"stephensi (unfed 4) 2nd lysis, 0.61ng/ul"
mxPCR8737050,1,E1,32888,1,94,e2_f15_un5_51c,e2_f15_un5_51c,Anopheles_stephensi,0.58,"stephensi (unfed 5) 2nd lysis, 0.58ng/ul"
mxPCR8737051,1,F1,32888,1,95,e2_f15_un6_51c,e2_f15_un6_51c,Anopheles_stephensi,0.41,"stephensi (unfed 6) 2nd lysis, 0.41ng/ul"
mxPCR8737052,1,G1,32888,1,96,e2_f15_un7_51c,e2_f15_un7_51c,Anopheles_stephensi,0.4,"stephensi (unfed 7) 2nd lysis, 0.40ng/ul"
mxPCR8737053,1,H1,32888,1,97,e2_f15_un8_51c,e2_f15_un8_51c,Anopheles_stephensi,0.44,"stephensi (unfed 8) 2nd lysis, 0.44ng/ul"
mxPCR8737054,1,A2,32888,1,98,e2_f15_1d1_51c,e2_f15_1d1_51c,Anopheles_stephensi,0.35,"feed 15 - 24h 1 - 2nd lysis, 0.35ng/ul"
mxPCR8737055,1,B2,32888,1,99,e2_f15_1d2_51c,e2_f15_1d2_51c,Anopheles_stephensi,0.41,"feed 15 - 24h 2 - 2nd lysis, 0.41ng/ul"
mxPCR8737056,1,C2,32888,1,100,e2_f15_1d3_51c,e2_f15_1d3_51c,Anopheles_stephensi,0.23,"feed 15 - 24h 3 - 2nd lysis, 0.23ng/ul"
mxPCR8737057,1,D2,32888,1,101,e2_f15_1d4_51c,e2_f15_1d4_51c,Anopheles_stephensi,0.38,"feed 15 - 24h 4 - 2nd lysis, 0.38ng/ul"
mxPCR8737058,1,E2,32888,1,102,e2_f15_1d5_51c,e2_f15_1d5_51c,Anopheles_stephensi,0.4,"feed 15 - 24h 5 - 2nd lysis, 0.40ng/ul"
mxPCR8737059,1,F2,32888,1,103,e2_f15_1d6_51c,e2_f15_1d6_51c,Anopheles_stephensi,0.18,"feed 15 - 24h 6 - 2nd lysis, 0.18ng/ul"
mxPCR8737060,1,G2,32888,1,104,e2_f15_1d7_51c,e2_f15_1d7_51c,Anopheles_stephensi,0.41,"feed 15 - 24h 7 - 2nd lysis, 0.41ng/ul"
mxPCR8737061,1,H2,32888,1,105,e2_f15_1d8_51c,e2_f15_1d8_51c,Anopheles_stephensi,0.47,"feed 15 - 24h 8 - 2nd lysis, 0.47ng/ul"
mxPCR8737062,1,A3,32888,1,106,e2_f15_1d9_51c,e2_f15_1d9_51c,Anopheles_stephensi,0.19,"feed 15 - 24h 9 - 2nd lysis, 0.19ng/ul"
mxPCR8737063,1,B3,32888,1,107,e2_f15_1d10_51c,e2_f15_1d10_51c,Anopheles_stephensi,0.27,"feed 15 - 24h 10 - 2nd lysis, 0.27ng/ul"
mxPCR8737064,1,C3,32888,1,108,e2_f15_1d11_51c,e2_f15_1d11_51c,Anopheles_stephensi,0.39,"feed 15 - 24h 11 - 2nd lysis, 0.39ng/ul"
mxPCR8737065,1,D3,32888,1,109,e2_f15_1d12_51c,e2_f15_1d12_51c,Anopheles_stephensi,0.46,"feed 15 - 24h 12 - 2nd lysis, 0.46ng/ul"
mxPCR8737066,1,E3,32888,1,110,e2_f15_1d13_51c,e2_f15_1d13_51c,Anopheles_stephensi,0.43,"feed 15 - 24h 13 - 2nd lysis, 0.43ng/ul"
mxPCR8737067,1,F3,32888,1,111,e2_f15_1d14_51c,e2_f15_1d14_51c,Anopheles_stephensi,0.2,"feed 15 - 24h 14 - 2nd lysis, 0.20ng/ul"
mxPCR8737068,1,G3,32888,1,112,e2_f15_1d15_51c,e2_f15_1d15_51c,Anopheles_stephensi,0.39,"feed 15 - 24h 15 - 2nd lysis, 0.39ng/ul"
mxPCR8737069,1,H3,32888,1,113,e2_f15_1d16_51c,e2_f15_1d16_51c,Anopheles_stephensi,0.27,"feed 15 - 24h 16 - 2nd lysis, 0.27ng/ul"
mxPCR8737070,1,A4,32888,1,114,e2_f15_8d1_51c,e2_f15_8d1_51c,Anopheles_stephensi,0.59,"feed 15 - D8 1 - 2nd lysis, 0.59ng/ul"
mxPCR8737071,1,B4,32888,1,115,e2_f15_8d2_51c,e2_f15_8d2_51c,Anopheles_stephensi,0.33,"feed 15 - D8 2 - 2nd lysis, 0.33ng/ul"
mxPCR8737072,1,C4,32888,1,116,e2_f15_8d3_51c,e2_f15_8d3_51c,Anopheles_stephensi,0.48,"feed 15 - D8 3 - 2nd lysis, 0.48ng/ul"
mxPCR8737073,1,D4,32888,1,117,e2_f15_8d4_51c,e2_f15_8d4_51c,Anopheles_stephensi,0.48,"feed 15 - D8 4 - 2nd lysis, 0.48ng/ul"
mxPCR8737074,1,E4,32888,1,118,e2_f15_8d5_51c,e2_f15_8d5_51c,Anopheles_stephensi,0.29,"feed 15 - D8 5 - 2nd lysis, 0.29ng/ul"
mxPCR8737075,1,F4,32888,1,119,e2_f15_8d6_51c,e2_f15_8d6_51c,Anopheles_stephensi,0.51,"feed 15 - D8 6 - 2nd lysis, 0.51ng/ul"
mxPCR8737076,1,G4,32888,1,120,e2_f15_8d7_51c,e2_f15_8d7_51c,Anopheles_stephensi,0.52,"feed 15 - D8 7 - 2nd lysis, 0.52ng/ul"
mxPCR8737077,1,H4,32888,1,121,e2_f15_8d8_51c,e2_f15_8d8_51c,Anopheles_stephensi,0.27,"feed 15 - D8 8 - 2nd lysis, 0.27ng/ul"
mxPCR8737078,1,A5,32888,1,122,e2_f15_8d9_51c,e2_f15_8d9_51c,Anopheles_stephensi,0.42,"feed 15 - D8 9 - 2nd lysis, 0.42ng/ul"
mxPCR8737079,1,B5,32888,1,123,e2_f15_8d10_51c,e2_f15_8d10_51c,Anopheles_stephensi,0.39,"feed 15 - D8 10 - 2nd lysis, 0.39ng/ul"
mxPCR8737080,1,C5,32888,1,124,e2_f15_8d11_51c,e2_f15_8d11_51c,Anopheles_stephensi,0.57,"feed 15 - D8 11 - 2nd lysis, 0.57ng/ul"
mxPCR8737081,1,D5,32888,1,125,e2_f15_8d12_51c,e2_f15_8d12_51c,Anopheles_stephensi,0.64,"feed 15 - D8 12 - 2nd lysis, 0.64ng/ul"
mxPCR8737082,1,E5,32888,1,126,e2_f15_8d13_51c,e2_f15_8d13_51c,Anopheles_stephensi,0.39,"feed 15 - D8 13 - 2nd lysis, 0.39ng/ul"
mxPCR8737083,1,F5,32888,1,127,e2_f15_8d14_51c,e2_f15_8d14_51c,Anopheles_stephensi,0.33,"feed 15 - D8 14 - 2nd lysis, 0.33ng/ul"
mxPCR8737084,1,G5,32888,1,128,e2_f15_8d15_51c,e2_f15_8d15_51c,Anopheles_stephensi,0.37,"feed 15 - D8 15 - 2nd lysis, 0.37ng/ul"
mxPCR8737085,1,H5,32888,1,129,e2_f15_8d16_51c,e2_f15_8d16_51c,Anopheles_stephensi,0.72,"feed 15 - D8 16 - 2nd lysis, 0.72ng/ul"
mxPCR8737086,1,A6,32888,1,130,e2_f15_13d1_51c,e2_f15_13d1_51c,Anopheles_stephensi,0.43,"feed 15 - D13 1 - 2nd lysis, 0.43ng/ul"
mxPCR8737087,1,B6,32888,1,131,e2_f15_13d2_51c,e2_f15_13d2_51c,Anopheles_stephensi,0.22,"feed 15 - D13 2 - 2nd lysis, 0.22ng/ul"
mxPCR8737088,1,C6,32888,1,132,e2_f15_13d3_51c,e2_f15_13d3_51c,Anopheles_stephensi,0.23,"feed 15 - D13 3 - 2nd lysis, 0.23ng/ul"
mxPCR8737089,1,D6,32888,1,133,e2_f15_13d4_51c,e2_f15_13d4_51c,Anopheles_stephensi,0.58,"feed 15 - D13 4 - 2nd lysis, 0.58ng/ul"
mxPCR8737090,1,E6,32888,1,134,e2_f15_13d5_51c,e2_f15_13d5_51c,Anopheles_stephensi,0.27,"feed 15 - D13 5 - 2nd lysis, 0.27ng/ul"
mxPCR8737091,1,F6,32888,1,135,e2_f15_13d6_51c,e2_f15_13d6_51c,Anopheles_stephensi,0.14,"feed 15 - D13 6 - 2nd lysis, 0.14ng/ul"
mxPCR8737092,1,G6,32888,1,136,e2_f15_13d7_51c,e2_f15_13d7_51c,Anopheles_stephensi,0.18,"feed 15 - D13 7 - 2nd lysis, 0.18ng/ul"
mxPCR8737093,1,H6,32888,1,137,e2_f15_13d8_51c,e2_f15_13d8_51c,Anopheles_stephensi,0.22,"feed 15 - D13 8 - 2nd lysis, 0.22ng/ul"
mxPCR8737094,1,A7,32888,1,138,e2_f15_14d1_51c,e2_f15_14d1_51c,Anopheles_stephensi,0.55,"feed 15 - D14 1 - 2nd lysis, 0.55ng/ul"
mxPCR8737095,1,B7,32888,1,139,e2_f15_14d2_51c,e2_f15_14d2_51c,Anopheles_stephensi,0.42,"feed 15 - D14 2 - 2nd lysis, 0.42ng/ul"
mxPCR8737096,1,C7,32888,1,140,e2_f15_14d3_51c,e2_f15_14d3_51c,Anopheles_stephensi,0.41,"feed 15 - D14 3 - 2nd lysis, 0.41ng/ul"
mxPCR8737097,1,D7,32888,1,141,e2_f15_14d4_51c,e2_f15_14d4_51c,Anopheles_stephensi,0.57,"feed 15 - D14 4 - 2nd lysis, 0.57ng/ul"
mxPCR8737098,1,E7,32888,1,142,e2_f15_14d5_51c,e2_f15_14d5_51c,Anopheles_stephensi,0.37,"feed 15 - D14 5 - 2nd lysis, 0.37ng/ul"
mxPCR8737099,1,F7,32888,1,143,e2_f15_14d6_51c,e2_f15_14d6_51c,Anopheles_stephensi,0.46,"feed 15 - D14 6 - 2nd lysis, 0.46ng/ul"
mxPCR8737100,1,G7,32888,1,144,e2_f15_14d7_51c,e2_f15_14d7_51c,Anopheles_stephensi,0.81,"feed 15 - D14 7 - 2nd lysis, 0.81ng/ul"
mxPCR8737101,1,H7,32888,1,145,e2_f15_14d8_51c,e2_f15_14d8_51c,Anopheles_stephensi,0.61,"feed 15 - D14 8 - 2nd lysis, 0.61ng/ul"
mxPCR8737102,1,A8,32888,1,146,e2_blank_51c,e2_blank_51c,blank_sample,0,blank
mxPCR8737103,1,A9,32888,1,147,e2_f16_1d1_51c,e2_f16_1d1_51c,Anopheles_stephensi,0.76,"feed 16 - 24h 1 - 2nd lysis, 0.76ng/ul"
mxPCR8737104,1,B9,32888,1,148,e2_f16_1d2_51c,e2_f16_1d2_51c,Anopheles_stephensi,0.61,"feed 16 - 24h 2 - 2nd lysis, 0.61ng/ul"
mxPCR8737105,1,C9,32888,1,149,e2_f16_1d3_51c,e2_f16_1d3_51c,Anopheles_stephensi,0.73,"feed 16 - 24h 3 - 2nd lysis, 0.73ng/ul"
mxPCR8737106,1,D9,32888,1,150,e2_f16_1d4_51c,e2_f16_1d4_51c,Anopheles_stephensi,0.56,"feed 16 - 24h 4 - 2nd lysis, 0.56ng/ul"
mxPCR8737107,1,E9,32888,1,151,e2_f16_1d5_51c,e2_f16_1d5_51c,Anopheles_stephensi,0.61,"feed 16 - 24h 5 - 2nd lysis, 0.61ng/ul"
mxPCR8737108,1,F9,32888,1,152,e2_f16_1d6_51c,e2_f16_1d6_51c,Anopheles_stephensi,0.64,"feed 16 - 24h 6 - 2nd lysis, 0.64ng/ul"
mxPCR8737109,1,G9,32888,1,153,e2_f16_1d7_51c,e2_f16_1d7_51c,Anopheles_stephensi,0.76,"feed 16 - 24h 7 - 2nd lysis, 0.76ng/ul"
mxPCR8737110,1,H9,32888,1,154,e2_f16_1d8_51c,e2_f16_1d8_51c,Anopheles_stephensi,0.45,"feed 16 - 24h 8 - 2nd lysis, 0.45ng/ul"
mxPCR8737111,1,A10,32888,1,155,e2_f16_1d9_51c,e2_f16_1d9_51c,Anopheles_stephensi,0.45,"feed 16 - 24h 9 - 2nd lysis, 0.45ng/ul"
mxPCR8737112,1,B10,32888,1,156,e2_f16_1d10_51c,e2_f16_1d10_51c,Anopheles_stephensi,0.46,"feed 16 - 24h 10 - 2nd lysis, 0.46ng/ul"
mxPCR8737113,1,C10,32888,1,157,e2_f16_1d11_51c,e2_f16_1d11_51c,Anopheles_stephensi,0.32,"feed 16 - 24h 11 - 2nd lysis, 0.32ng/ul"
mxPCR8737114,1,D10,32888,1,158,e2_f16_1d12_51c,e2_f16_1d12_51c,Anopheles_stephensi,0.32,"feed 16 - 24h 12 - 2nd lysis, 0.32ng/ul"
mxPCR8737115,1,E10,32888,1,159,e2_f16_1d13_51c,e2_f16_1d13_51c,Anopheles_stephensi,0.44,"feed 16 - 24h 13 - 2nd lysis, 0.44ng/ul"
mxPCR8737116,1,F10,32888,1,160,e2_f16_1d14_51c,e2_f16_1d14_51c,Anopheles_stephensi,0.37,"feed 16 - 24h 14 - 2nd lysis, 0.37ng/ul"
mxPCR8737117,1,G10,32888,1,161,e2_f16_1d15_51c,e2_f16_1d15_51c,Anopheles_stephensi,0.42,"feed 16 - 24h 15 - 2nd lysis, 0.42ng/ul"
mxPCR8737118,1,H10,32888,1,162,e2_f16_1d16_51c,e2_f16_1d16_51c,Anopheles_stephensi,0.37,"feed 16 - 24h 16 - 2nd lysis, 0.37ng/ul"
mxPCR8737119,1,A11,32888,1,163,e2_f16_9d1_51c,e2_f16_9d1_51c,Anopheles_stephensi,0.73,"feed 16 - D9 1 - 2nd lysis, 0.73ng/ul"
mxPCR8737120,1,B11,32888,1,164,e2_f16_9d2_51c,e2_f16_9d2_51c,Anopheles_stephensi,0.48,"feed 16 - D9 2 - 2nd lysis, 0.48ng/ul"
mxPCR8737121,1,C11,32888,1,165,e2_f16_9d3_51c,e2_f16_9d3_51c,Anopheles_stephensi,0.6,"feed 16 - D9 3 - 2nd lysis, 0.60ng/ul"
mxPCR8737122,1,D11,32888,1,166,e2_f16_9d4_51c,e2_f16_9d4_51c,Anopheles_stephensi,0.41,"feed 16 - D9 4 - 2nd lysis, 0.41ng/ul"
mxPCR8737123,1,E11,32888,1,167,e2_f16_9d5_51c,e2_f16_9d5_51c,Anopheles_stephensi,0.54,"feed 16 - D9 5 - 2nd lysis, 0.54ng/ul"
mxPCR8737124,1,F11,32888,1,168,e2_f16_9d6_51c,e2_f16_9d6_51c,Anopheles_stephensi,0.69,"feed 16 - D9 6 - 2nd lysis, 0.69ng/ul"
mxPCR8737125,1,G11,32888,1,169,e2_f16_9d7_51c,e2_f16_9d7_51c,Anopheles_stephensi,0.63,"feed 16 - D9 7 - 2nd lysis, 0.63ng/ul"
mxPCR8737126,1,H11,32888,1,170,e2_f16_9d8_51c,e2_f16_9d8_51c,Anopheles_stephensi,0.72,"feed 16 - D9 8 - 2nd lysis, 0.72ng/ul"
mxPCR8737127,1,A12,32888,1,171,e2_f16_9d9_51c,e2_f16_9d9_51c,Anopheles_stephensi,0.57,"feed 16 - D9 9 - 2nd lysis, 0.57ng/ul"
mxPCR8737128,1,B12,32888,1,172,e2_f16_9d10_51c,e2_f16_9d10_51c,Anopheles_stephensi,0.76,"feed 16 - D9 10 - 2nd lysis, 0.76ng/ul"
mxPCR8737129,1,C12,32888,1,173,e2_f16_9d11_51c,e2_f16_9d11_51c,Anopheles_stephensi,0.49,"feed 16 - D9 11 - 2nd lysis, 0.49ng/ul"
mxPCR8737130,1,D12,32888,1,174,e2_f16_9d12_51c,e2_f16_9d12_51c,Anopheles_stephensi,0.41,"feed 16 - D9 12 - 2nd lysis, 0.41ng/ul"
mxPCR8737131,1,E12,32888,1,175,e2_f16_9d13_51c,e2_f16_9d13_51c,Anopheles_stephensi,0.57,"feed 16 - D9 13 - 2nd lysis, 0.57ng/ul"
mxPCR8737132,1,F12,32888,1,176,e2_f16_9d14_51c,e2_f16_9d14_51c,Anopheles_stephensi,0.52,"feed 16 - D9 14 - 2nd lysis, 0.52ng/ul"
mxPCR8737133,1,G12,32888,1,177,e2_f16_9d15_51c,e2_f16_9d15_51c,Anopheles_stephensi,0.4,"feed 16 - D9 15 - 2nd lysis, 0.40ng/ul"
mxPCR8737134,1,H12,32888,1,178,e2_f16_9d16_51c,e2_f16_9d16_51c,Anopheles_stephensi,0.43,"feed 16 - D9 16 - 2nd lysis, 0.43ng/ul"
mxPCR8737135,1,A1,32888,1,179,e1_f15_un1_55c,e1_f15_un1_55c,Anopheles_stephensi,0.74,"stephensi (unfed 1) 1st lysis, 0.74ng/ul"
mxPCR8737136,1,B1,32888,1,180,e1_f15_un2_55c,e1_f15_un2_55c,Anopheles_stephensi,0.57,"stephensi (unfed 2) 1st lysis, 0.57ng/ul"
mxPCR8737137,1,C1,32888,1,181,e1_f15_un3_55c,e1_f15_un3_55c,Anopheles_stephensi,0.59,"stephensi (unfed 3) 1st lysis, 0.59ng/ul"
mxPCR8737138,1,D1,32888,1,182,e1_f15_un4_55c,e1_f15_un4_55c,Anopheles_stephensi,0.52,"stephensi (unfed 4) 1st lysis, 0.52ng/ul"
mxPCR8737139,1,E1,32888,1,183,e1_f15_un5_55c,e1_f15_un5_55c,Anopheles_stephensi,0.51,"stephensi (unfed 5) 1st lysis, 0.51ng/ul"
mxPCR8737140,1,F1,32888,1,184,e1_f15_un6_55c,e1_f15_un6_55c,Anopheles_stephensi,0.64,"stephensi (unfed 6) 1st lysis, 0.64ng/ul"
mxPCR8737141,1,G1,32888,1,185,e1_f15_un7_55c,e1_f15_un7_55c,Anopheles_stephensi,0.63,"stephensi (unfed 7) 1st lysis, 0.63ng/ul"
mxPCR8737142,1,H1,32888,1,186,e1_f15_un8_55c,e1_f15_un8_55c,Anopheles_stephensi,0.58,"stephensi (unfed 8) 1st lysis, 0.58ng/ul"
mxPCR8737143,1,A2,32888,1,187,e1_f15_1d1_55c,e1_f15_1d1_55c,Anopheles_stephensi,0.97,"feed 15 - 24h 1 - 1st lysis, 0.97ng/ul"
mxPCR8737144,1,B2,32888,1,188,e1_f15_1d2_55c,e1_f15_1d2_55c,Anopheles_stephensi,1.51,"feed 15 - 24h 2 - 1st lysis, 1.51ng/ul"
mxPCR8737145,1,C2,32888,1,189,e1_f15_1d3_55c,e1_f15_1d3_55c,Anopheles_stephensi,1.03,"feed 15 - 24h 3 - 1st lysis, 1.03ng/ul"
mxPCR8737146,1,D2,32888,1,190,e1_f15_1d4_55c,e1_f15_1d4_55c,Anopheles_stephensi,1.06,"feed 15 - 24h 4 - 1st lysis, 1.06ng/ul"
mxPCR8737147,1,E2,32888,1,191,e1_f15_1d5_55c,e1_f15_1d5_55c,Anopheles_stephensi,1.04,"feed 15 - 24h 5 - 1st lysis, 1.04ng/ul"
mxPCR8737148,1,F2,32888,1,192,e1_f15_1d6_55c,e1_f15_1d6_55c,Anopheles_stephensi,0.9,"feed 15 - 24h 6 - 1st lysis, 0.90ng/ul"
mxPCR8737149,1,G2,32888,1,193,e1_f15_1d7_55c,e1_f15_1d7_55c,Anopheles_stephensi,1.07,"feed 15 - 24h 7 - 1st lysis, 1.07ng/ul"
mxPCR8737150,1,H2,32888,1,194,e1_f15_1d8_55c,e1_f15_1d8_55c,Anopheles_stephensi,0.47,"feed 15 - 24h 8 - 1st lysis, 0.47ng/ul"
mxPCR8737151,1,A3,32888,1,195,e1_f15_1d9_55c,e1_f15_1d9_55c,Anopheles_stephensi,0.88,"feed 15 - 24h 9 - 1st lysis, 0.88ng/ul"
mxPCR8737152,1,B3,32888,1,196,e1_f15_1d10_55c,e1_f15_1d10_55c,Anopheles_stephensi,0.95,"feed 15 - 24h 10 - 1st lysis, 0.95ng/ul"
mxPCR8737153,1,C3,32888,1,197,e1_f15_1d11_55c,e1_f15_1d11_55c,Anopheles_stephensi,0.52,"feed 15 - 24h 11 - 1st lysis, 0.52ng/ul"
mxPCR8737154,1,D3,32888,1,198,e1_f15_1d12_55c,e1_f15_1d12_55c,Anopheles_stephensi,0.85,"feed 15 - 24h 12 - 1st lysis, 0.85ng/ul"
mxPCR8737155,1,E3,32888,1,199,e1_f15_1d13_55c,e1_f15_1d13_55c,Anopheles_stephensi,0.54,"feed 15 - 24h 13 - 1st lysis, 0.54ng/ul"
mxPCR8737156,1,F3,32888,1,200,e1_f15_1d14_55c,e1_f15_1d14_55c,Anopheles_stephensi,0.65,"feed 15 - 24h 14 - 1st lysis, 0.65ng/ul"
mxPCR8737157,1,G3,32888,1,201,e1_f15_1d15_55c,e1_f15_1d15_55c,Anopheles_stephensi,0.9,"feed 15 - 24h 15 - 1st lysis, 0.90ng/ul"
mxPCR8737158,1,H3,32888,1,202,e1_f15_1d16_55c,e1_f15_1d16_55c,Anopheles_stephensi,1.06,"feed 15 - 24h 16 - 1st lysis, 1.06ng/ul"
mxPCR8737159,1,A4,32888,1,203,e1_f15_8d1_55c,e1_f15_8d1_55c,Anopheles_stephensi,0.47,"feed 15 - D8 1 - 1st lysis, 0.47ng/ul"
mxPCR8737160,1,B4,32888,1,204,e1_f15_8d2_55c,e1_f15_8d2_55c,Anopheles_stephensi,1.02,"feed 15 - D8 2 - 1st lysis, 1.02ng/ul"
mxPCR8737161,1,C4,32888,1,205,e1_f15_8d3_55c,e1_f15_8d3_55c,Anopheles_stephensi,0.56,"feed 15 - D8 3 - 1st lysis, 0.56ng/ul"
mxPCR8737162,1,D4,32888,1,206,e1_f15_8d4_55c,e1_f15_8d4_55c,Anopheles_stephensi,1.03,"feed 15 - D8 4 - 1st lysis, 1.03ng/ul"
mxPCR8737163,1,E4,32888,1,207,e1_f15_8d5_55c,e1_f15_8d5_55c,Anopheles_stephensi,0.77,"feed 15 - D8 5 - 1st lysis, 0.77ng/ul"
mxPCR8737164,1,F4,32888,1,208,e1_f15_8d6_55c,e1_f15_8d6_55c,Anopheles_stephensi,0.7,"feed 15 - D8 6 - 1st lysis, 0.70ng/ul"
mxPCR8737165,1,G4,32888,1,209,e1_f15_8d7_55c,e1_f15_8d7_55c,Anopheles_stephensi,0.68,"feed 15 - D8 7 - 1st lysis, 0.68ng/ul"
mxPCR8737166,1,H4,32888,1,210,e1_f15_8d8_55c,e1_f15_8d8_55c,Anopheles_stephensi,0.98,"feed 15 - D8 8 - 1st lysis, 0.98ng/ul"
mxPCR8737167,1,A5,32888,1,211,e1_f15_8d9_55c,e1_f15_8d9_55c,Anopheles_stephensi,1.33,"feed 15 - D8 9 - 1st lysis, 1.33ng/ul"
mxPCR8737168,1,B5,32888,1,212,e1_f15_8d10_55c,e1_f15_8d10_55c,Anopheles_stephensi,1.04,"feed 15 - D8 10 - 1st lysis, 1.04ng/ul"
mxPCR8737169,1,C5,32888,1,213,e1_f15_8d11_55c,e1_f15_8d11_55c,Anopheles_stephensi,0.76,"feed 15 - D8 11 - 1st lysis, 0.76ng/ul"
mxPCR8737170,1,D5,32888,1,214,e1_f15_8d12_55c,e1_f15_8d12_55c,Anopheles_stephensi,0.76,"feed 15 - D8 12 - 1st lysis, 0.76ng/ul"
mxPCR8737171,1,E5,32888,1,215,e1_f15_8d13_55c,e1_f15_8d13_55c,Anopheles_stephensi,0.69,"feed 15 - D8 13 - 1st lysis, 0.69ng/ul"
mxPCR8737172,1,F5,32888,1,216,e1_f15_8d14_55c,e1_f15_8d14_55c,Anopheles_stephensi,1.05,"feed 15 - D8 14 - 1st lysis, 1.05ng/ul"
mxPCR8737173,1,G5,32888,1,217,e1_f15_8d15_55c,e1_f15_8d15_55c,Anopheles_stephensi,0.77,"feed 15 - D8 15 - 1st lysis, 0.77ng/ul"
mxPCR8737174,1,H5,32888,1,218,e1_f15_8d16_55c,e1_f15_8d16_55c,Anopheles_stephensi,0.98,"feed 15 - D8 16 - 1st lysis, 0.98ng/ul"
mxPCR8737175,1,A6,32888,1,219,e1_f15_13d1_55c,e1_f15_13d1_55c,Anopheles_stephensi,0.71,"feed 15 - D13 1 - 1st lysis, 0.71ng/ul"
mxPCR8737176,1,B6,32888,1,220,e1_f15_13d2_55c,e1_f15_13d2_55c,Anopheles_stephensi,0.72,"feed 15 - D13 2 - 1st lysis, 0.72ng/ul"
mxPCR8737177,1,C6,32888,1,221,e1_f15_13d3_55c,e1_f15_13d3_55c,Anopheles_stephensi,0.7,"feed 15 - D13 3 - 1st lysis, 0.70ng/ul"
mxPCR8737178,1,D6,32888,1,222,e1_f15_13d4_55c,e1_f15_13d4_55c,Anopheles_stephensi,0.54,"feed 15 - D13 4 - 1st lysis, 0.54ng/ul"
mxPCR8737179,1,E6,32888,1,223,e1_f15_13d5_55c,e1_f15_13d5_55c,Anopheles_stephensi,0.5,"feed 15 - D13 5 - 1st lysis, 0.50ng/ul"
mxPCR8737180,1,F6,32888,1,224,e1_f15_13d6_55c,e1_f15_13d6_55c,Anopheles_stephensi,0.53,"feed 15 - D13 6 - 1st lysis, 0.53ng/ul"
mxPCR8737181,1,G6,32888,1,225,e1_f15_13d7_55c,e1_f15_13d7_55c,Anopheles_stephensi,0.85,"feed 15 - D13 7 - 1st lysis, 0.85ng/ul"
mxPCR8737182,1,H6,32888,1,226,e1_f15_13d8_55c,e1_f15_13d8_55c,Anopheles_stephensi,0.88,"feed 15 - D13 8 - 1st lysis, 0.88ng/ul"
mxPCR8737183,1,A7,32888,1,227,e1_f15_14d1_55c,e1_f15_14d1_55c,Anopheles_stephensi,0.67,"feed 15 - D14 1 - 1st lysis, 0.67ng/ul"
mxPCR8737184,1,B7,32888,1,228,e1_f15_14d2_55c,e1_f15_14d2_55c,Anopheles_stephensi,0.79,"feed 15 - D14 2 - 1st lysis, 0.79ng/ul"
mxPCR8737185,1,C7,32888,1,229,e1_f15_14d3_55c,e1_f15_14d3_55c,Anopheles_stephensi,0.82,"feed 15 - D14 3 - 1st lysis, 0.82ng/ul"
mxPCR8737186,1,D7,32888,1,230,e1_f15_14d4_55c,e1_f15_14d4_55c,Anopheles_stephensi,0.92,"feed 15 - D14 4 - 1st lysis, 0.92ng/ul"
mxPCR8737187,1,E7,32888,1,231,e1_f15_14d5_55c,e1_f15_14d5_55c,Anopheles_stephensi,0.72,"feed 15 - D14 5 - 1st lysis, 0.72ng/ul"
mxPCR8737188,1,F7,32888,1,232,e1_f15_14d6_55c,e1_f15_14d6_55c,Anopheles_stephensi,0.63,"feed 15 - D14 6 - 1st lysis, 0.63ng/ul"
mxPCR8737189,1,G7,32888,1,233,e1_f15_14d7_55c,e1_f15_14d7_55c,Anopheles_stephensi,0.44,"feed 15 - D14 7 - 1st lysis, 0.44ng/ul"
mxPCR8737190,1,H7,32888,1,234,e1_f15_14d8_55c,e1_f15_14d8_55c,Anopheles_stephensi,0.62,"feed 15 - D14 8 - 1st lysis, 0.62ng/ul"
mxPCR8737191,1,A8,32888,1,235,e1_blank_55c,e1_blank_55c,blank_sample,0,blank
mxPCR8737192,1,A9,32888,1,236,e1_f16_1d1_55c,e1_f16_1d1_55c,Anopheles_stephensi,0.71,"feed 16 - 24h 1 - 1st lysis, 0.71ng/ul"
mxPCR8737193,1,B9,32888,1,237,e1_f16_1d2_55c,e1_f16_1d2_55c,Anopheles_stephensi,1.32,"feed 16 - 24h 2 - 1st lysis, 1.32ng/ul"
mxPCR8737194,1,C9,32888,1,238,e1_f16_1d3_55c,e1_f16_1d3_55c,Anopheles_stephensi,1.21,"feed 16 - 24h 3 - 1st lysis, 1.21ng/ul"
mxPCR8737195,1,D9,32888,1,239,e1_f16_1d4_55c,e1_f16_1d4_55c,Anopheles_stephensi,1.06,"feed 16 - 24h 4 - 1st lysis, 1.06ng/ul"
mxPCR8737196,1,E9,32888,1,240,e1_f16_1d5_55c,e1_f16_1d5_55c,Anopheles_stephensi,0.72,"feed 16 - 24h 5 - 1st lysis, 0.72ng/ul"
mxPCR8737197,1,F9,32888,1,241,e1_f16_1d6_55c,e1_f16_1d6_55c,Anopheles_stephensi,1.29,"feed 16 - 24h 6 - 1st lysis, 1.29ng/ul"
mxPCR8737198,1,G9,32888,1,242,e1_f16_1d7_55c,e1_f16_1d7_55c,Anopheles_stephensi,0.75,"feed 16 - 24h 7 - 1st lysis, 0.75ng/ul"
mxPCR8737199,1,H9,32888,1,243,e1_f16_1d8_55c,e1_f16_1d8_55c,Anopheles_stephensi,0.99,"feed 16 - 24h 8 - 1st lysis, 0.99ng/ul"
mxPCR8737200,1,A10,32888,1,244,e1_f16_1d9_55c,e1_f16_1d9_55c,Anopheles_stephensi,1.03,"feed 16 - 24h 9 - 1st lysis, 1.03ng/ul"
mxPCR8737201,1,B10,32888,1,245,e1_f16_1d10_55c,e1_f16_1d10_55c,Anopheles_stephensi,1.4,"feed 16 - 24h 10 - 1st lysis, 1.40ng/ul"
mxPCR8737202,1,C10,32888,1,246,e1_f16_1d11_55c,e1_f16_1d11_55c,Anopheles_stephensi,1.29,"feed 16 - 24h 11 - 1st lysis, 1.29ng/ul"
mxPCR8737203,1,D10,32888,1,247,e1_f16_1d12_55c,e1_f16_1d12_55c,Anopheles_stephensi,1.65,"feed 16 - 24h 12 - 1st lysis, 1.65ng/ul"
mxPCR8737204,1,E10,32888,1,248,e1_f16_1d13_55c,e1_f16_1d13_55c,Anopheles_stephensi,1.52,"feed 16 - 24h 13 - 1st lysis, 1.52ng/ul"
mxPCR8737205,1,F10,32888,1,249,e1_f16_1d14_55c,e1_f16_1d14_55c,Anopheles_stephensi,1.51,"feed 16 - 24h 14 - 1st lysis, 1.51ng/ul"
mxPCR8737206,1,G10,32888,1,250,e1_f16_1d15_55c,e1_f16_1d15_55c,Anopheles_stephensi,1.81,"feed 16 - 24h 15 - 1st lysis, 1.81ng/ul"
mxPCR8737207,1,H10,32888,1,251,e1_f16_1d16_55c,e1_f16_1d16_55c,Anopheles_stephensi,1.49,"feed 16 - 24h 16 - 1st lysis, 1.49ng/ul"
mxPCR8737208,1,A11,32888,1,252,e1_f16_9d1_55c,e1_f16_9d1_55c,Anopheles_stephensi,0.52,"feed 16 - D9 1 - 1st lysis, 0.52ng/ul"
mxPCR8737209,1,B11,32888,1,253,e1_f16_9d2_55c,e1_f16_9d2_55c,Anopheles_stephensi,1.07,"feed 16 - D9 2 - 1st lysis, 1.07ng/ul"
mxPCR8737210,1,C11,32888,1,254,e1_f16_9d3_55c,e1_f16_9d3_55c,Anopheles_stephensi,0.83,"feed 16 - D9 3 - 1st lysis, 0.83ng/ul"
mxPCR8737211,1,D11,32888,1,255,e1_f16_9d4_55c,e1_f16_9d4_55c,Anopheles_stephensi,0.73,"feed 16 - D9 4 - 1st lysis, 0.73ng/ul"
mxPCR8737212,1,E11,32888,1,256,e1_f16_9d5_55c,e1_f16_9d5_55c,Anopheles_stephensi,0.99,"feed 16 - D9 5 - 1st lysis, 0.99ng/ul"
mxPCR8737213,1,F11,32888,1,257,e1_f16_9d6_55c,e1_f16_9d6_55c,Anopheles_stephensi,0.47,"feed 16 - D9 6 - 1st lysis, 0.47ng/ul"
mxPCR8737214,1,G11,32888,1,258,e1_f16_9d7_55c,e1_f16_9d7_55c,Anopheles_stephensi,0.65,"feed 16 - D9 7 - 1st lysis, 0.65ng/ul"
mxPCR8737215,1,H11,32888,1,259,e1_f16_9d8_55c,e1_f16_9d8_55c,Anopheles_stephensi,0.69,"feed 16 - D9 8 - 1st lysis, 0.69ng/ul"
mxPCR8737216,1,A12,32888,1,260,e1_f16_9d9_55c,e1_f16_9d9_55c,Anopheles_stephensi,0.95,"feed 16 - D9 9 - 1st lysis, 0.95ng/ul"
mxPCR8737217,1,B12,32888,1,261,e1_f16_9d10_55c,e1_f16_9d10_55c,Anopheles_stephensi,0.76,"feed 16 - D9 10 - 1st lysis, 0.76ng/ul"
mxPCR8737218,1,C12,32888,1,262,e1_f16_9d11_55c,e1_f16_9d11_55c,Anopheles_stephensi,0.56,"feed 16 - D9 11 - 1st lysis, 0.56ng/ul"
mxPCR8737219,1,D12,32888,1,263,e1_f16_9d12_55c,e1_f16_9d12_55c,Anopheles_stephensi,0.66,"feed 16 - D9 12 - 1st lysis, 0.66ng/ul"
mxPCR8737220,1,E12,32888,1,264,e1_f16_9d13_55c,e1_f16_9d13_55c,Anopheles_stephensi,0.94,"feed 16 - D9 13 - 1st lysis, 0.94ng/ul"
mxPCR8737221,1,F12,32888,1,265,e1_f16_9d14_55c,e1_f16_9d14_55c,Anopheles_stephensi,1.03,"feed 16 - D9 14 - 1st lysis, 1.03ng/ul"
mxPCR8737222,1,G12,32888,1,266,e1_f16_9d15_55c,e1_f16_9d15_55c,Anopheles_stephensi,1.01,"feed 16 - D9 15 - 1st lysis, 1.01ng/ul"
mxPCR8737223,1,H12,32888,1,267,e1_f16_9d16_55c,e1_f16_9d16_55c,Anopheles_stephensi,0.57,"feed 16 - D9 16 - 1st lysis, 0.57ng/ul"
mxPCR8737224,1,A1,32888,1,268,e2_f15_un1_55c,e2_f15_un1_55c,Anopheles_stephensi,0.73,"stephensi (unfed 1) 2nd lysis, 0.73ng/ul"
mxPCR8737225,1,B1,32888,1,269,e2_f15_un2_55c,e2_f15_un2_55c,Anopheles_stephensi,0.56,"stephensi (unfed 2) 2nd lysis, 0.56ng/ul"
mxPCR8737226,1,C1,32888,1,270,e2_f15_un3_55c,e2_f15_un3_55c,Anopheles_stephensi,0.73,"stephensi (unfed 3) 2nd lysis, 0.73ng/ul"
mxPCR8737227,1,D1,32888,1,271,e2_f15_un4_55c,e2_f15_un4_55c,Anopheles_stephensi,0.61,"stephensi (unfed 4) 2nd lysis, 0.61ng/ul"
mxPCR8737228,1,E1,32888,1,272,e2_f15_un5_55c,e2_f15_un5_55c,Anopheles_stephensi,0.58,"stephensi (unfed 5) 2nd lysis, 0.58ng/ul"
mxPCR8737229,1,F1,32888,1,273,e2_f15_un6_55c,e2_f15_un6_55c,Anopheles_stephensi,0.41,"stephensi (unfed 6) 2nd lysis, 0.41ng/ul"
mxPCR8737230,1,G1,32888,1,274,e2_f15_un7_55c,e2_f15_un7_55c,Anopheles_stephensi,0.4,"stephensi (unfed 7) 2nd lysis, 0.40ng/ul"
mxPCR8737231,1,H1,32888,1,275,e2_f15_un8_55c,e2_f15_un8_55c,Anopheles_stephensi,0.44,"stephensi (unfed 8) 2nd lysis, 0.44ng/ul"
mxPCR8737232,1,A2,32888,1,276,e2_f15_1d1_55c,e2_f15_1d1_55c,Anopheles_stephensi,0.35,"feed 15 - 24h 1 - 2nd lysis, 0.35ng/ul"
mxPCR8737233,1,B2,32888,1,277,e2_f15_1d2_55c,e2_f15_1d2_55c,Anopheles_stephensi,0.41,"feed 15 - 24h 2 - 2nd lysis, 0.41ng/ul"
mxPCR8737234,1,C2,32888,1,278,e2_f15_1d3_55c,e2_f15_1d3_55c,Anopheles_stephensi,0.23,"feed 15 - 24h 3 - 2nd lysis, 0.23ng/ul"
mxPCR8737235,1,D2,32888,1,279,e2_f15_1d4_55c,e2_f15_1d4_55c,Anopheles_stephensi,0.38,"feed 15 - 24h 4 - 2nd lysis, 0.38ng/ul"
mxPCR8737236,1,E2,32888,1,280,e2_f15_1d5_55c,e2_f15_1d5_55c,Anopheles_stephensi,0.4,"feed 15 - 24h 5 - 2nd lysis, 0.40ng/ul"
mxPCR8737237,1,F2,32888,1,281,e2_f15_1d6_55c,e2_f15_1d6_55c,Anopheles_stephensi,0.18,"feed 15 - 24h 6 - 2nd lysis, 0.18ng/ul"
mxPCR8737238,1,G2,32888,1,282,e2_f15_1d7_55c,e2_f15_1d7_55c,Anopheles_stephensi,0.41,"feed 15 - 24h 7 - 2nd lysis, 0.41ng/ul"
mxPCR8737239,1,H2,32888,1,283,e2_f15_1d8_55c,e2_f15_1d8_55c,Anopheles_stephensi,0.47,"feed 15 - 24h 8 - 2nd lysis, 0.47ng/ul"
mxPCR8737240,1,A3,32888,1,284,e2_f15_1d9_55c,e2_f15_1d9_55c,Anopheles_stephensi,0.19,"feed 15 - 24h 9 - 2nd lysis, 0.19ng/ul"
mxPCR8737241,1,B3,32888,1,285,e2_f15_1d10_55c,e2_f15_1d10_55c,Anopheles_stephensi,0.27,"feed 15 - 24h 10 - 2nd lysis, 0.27ng/ul"
mxPCR8737242,1,C3,32888,1,286,e2_f15_1d11_55c,e2_f15_1d11_55c,Anopheles_stephensi,0.39,"feed 15 - 24h 11 - 2nd lysis, 0.39ng/ul"
mxPCR8737243,1,D3,32888,1,287,e2_f15_1d12_55c,e2_f15_1d12_55c,Anopheles_stephensi,0.46,"feed 15 - 24h 12 - 2nd lysis, 0.46ng/ul"
mxPCR8737244,1,E3,32888,1,288,e2_f15_1d13_55c,e2_f15_1d13_55c,Anopheles_stephensi,0.43,"feed 15 - 24h 13 - 2nd lysis, 0.43ng/ul"
mxPCR8737245,1,F3,32888,1,289,e2_f15_1d14_55c,e2_f15_1d14_55c,Anopheles_stephensi,0.2,"feed 15 - 24h 14 - 2nd lysis, 0.20ng/ul"
mxPCR8737246,1,G3,32888,1,290,e2_f15_1d15_55c,e2_f15_1d15_55c,Anopheles_stephensi,0.39,"feed 15 - 24h 15 - 2nd lysis, 0.39ng/ul"
mxPCR8737247,1,H3,32888,1,291,e2_f15_1d16_55c,e2_f15_1d16_55c,Anopheles_stephensi,0.27,"feed 15 - 24h 16 - 2nd lysis, 0.27ng/ul"
mxPCR8737248,1,A4,32888,1,292,e2_f15_8d1_55c,e2_f15_8d1_55c,Anopheles_stephensi,0.59,"feed 15 - D8 1 - 2nd lysis, 0.59ng/ul"
mxPCR8737249,1,B4,32888,1,293,e2_f15_8d2_55c,e2_f15_8d2_55c,Anopheles_stephensi,0.33,"feed 15 - D8 2 - 2nd lysis, 0.33ng/ul"
mxPCR8737250,1,C4,32888,1,294,e2_f15_8d3_55c,e2_f15_8d3_55c,Anopheles_stephensi,0.48,"feed 15 - D8 3 - 2nd lysis, 0.48ng/ul"
mxPCR8737251,1,D4,32888,1,295,e2_f15_8d4_55c,e2_f15_8d4_55c,Anopheles_stephensi,0.48,"feed 15 - D8 4 - 2nd lysis, 0.48ng/ul"
mxPCR8737252,1,E4,32888,1,296,e2_f15_8d5_55c,e2_f15_8d5_55c,Anopheles_stephensi,0.29,"feed 15 - D8 5 - 2nd lysis, 0.29ng/ul"
mxPCR8737253,1,F4,32888,1,297,e2_f15_8d6_55c,e2_f15_8d6_55c,Anopheles_stephensi,0.51,"feed 15 - D8 6 - 2nd lysis, 0.51ng/ul"
mxPCR8737254,1,G4,32888,1,298,e2_f15_8d7_55c,e2_f15_8d7_55c,Anopheles_stephensi,0.52,"feed 15 - D8 7 - 2nd lysis, 0.52ng/ul"
mxPCR8737255,1,H4,32888,1,299,e2_f15_8d8_55c,e2_f15_8d8_55c,Anopheles_stephensi,0.27,"feed 15 - D8 8 - 2nd lysis, 0.27ng/ul"
mxPCR8737256,1,A5,32888,1,300,e2_f15_8d9_55c,e2_f15_8d9_55c,Anopheles_stephensi,0.42,"feed 15 - D8 9 - 2nd lysis, 0.42ng/ul"
mxPCR8737257,1,B5,32888,1,301,e2_f15_8d10_55c,e2_f15_8d10_55c,Anopheles_stephensi,0.39,"feed 15 - D8 10 - 2nd lysis, 0.39ng/ul"
mxPCR8737258,1,C5,32888,1,302,e2_f15_8d11_55c,e2_f15_8d11_55c,Anopheles_stephensi,0.57,"feed 15 - D8 11 - 2nd lysis, 0.57ng/ul"
mxPCR8737259,1,D5,32888,1,303,e2_f15_8d12_55c,e2_f15_8d12_55c,Anopheles_stephensi,0.64,"feed 15 - D8 12 - 2nd lysis, 0.64ng/ul"
mxPCR8737260,1,E5,32888,1,304,e2_f15_8d13_55c,e2_f15_8d13_55c,Anopheles_stephensi,0.39,"feed 15 - D8 13 - 2nd lysis, 0.39ng/ul"
mxPCR8737261,1,F5,32888,1,305,e2_f15_8d14_55c,e2_f15_8d14_55c,Anopheles_stephensi,0.33,"feed 15 - D8 14 - 2nd lysis, 0.33ng/ul"
mxPCR8737262,1,G5,32888,1,306,e2_f15_8d15_55c,e2_f15_8d15_55c,Anopheles_stephensi,0.37,"feed 15 - D8 15 - 2nd lysis, 0.37ng/ul"
mxPCR8737263,1,H5,32888,1,307,e2_f15_8d16_55c,e2_f15_8d16_55c,Anopheles_stephensi,0.72,"feed 15 - D8 16 - 2nd lysis, 0.72ng/ul"
mxPCR8737264,1,A6,32888,1,308,e2_f15_13d1_55c,e2_f15_13d1_55c,Anopheles_stephensi,0.43,"feed 15 - D13 1 - 2nd lysis, 0.43ng/ul"
mxPCR8737265,1,B6,32888,1,309,e2_f15_13d2_55c,e2_f15_13d2_55c,Anopheles_stephensi,0.22,"feed 15 - D13 2 - 2nd lysis, 0.22ng/ul"
mxPCR8737266,1,C6,32888,1,310,e2_f15_13d3_55c,e2_f15_13d3_55c,Anopheles_stephensi,0.23,"feed 15 - D13 3 - 2nd lysis, 0.23ng/ul"
mxPCR8737267,1,D6,32888,1,311,e2_f15_13d4_55c,e2_f15_13d4_55c,Anopheles_stephensi,0.58,"feed 15 - D13 4 - 2nd lysis, 0.58ng/ul"
mxPCR8737268,1,E6,32888,1,312,e2_f15_13d5_55c,e2_f15_13d5_55c,Anopheles_stephensi,0.27,"feed 15 - D13 5 - 2nd lysis, 0.27ng/ul"
mxPCR8737269,1,F6,32888,1,313,e2_f15_13d6_55c,e2_f15_13d6_55c,Anopheles_stephensi,0.14,"feed 15 - D13 6 - 2nd lysis, 0.14ng/ul"
mxPCR8737270,1,G6,32888,1,314,e2_f15_13d7_55c,e2_f15_13d7_55c,Anopheles_stephensi,0.18,"feed 15 - D13 7 - 2nd lysis, 0.18ng/ul"
mxPCR8737271,1,H6,32888,1,315,e2_f15_13d8_55c,e2_f15_13d8_55c,Anopheles_stephensi,0.22,"feed 15 - D13 8 - 2nd lysis, 0.22ng/ul"
mxPCR8737272,1,A7,32888,1,316,e2_f15_14d1_55c,e2_f15_14d1_55c,Anopheles_stephensi,0.55,"feed 15 - D14 1 - 2nd lysis, 0.55ng/ul"
mxPCR8737273,1,B7,32888,1,317,e2_f15_14d2_55c,e2_f15_14d2_55c,Anopheles_stephensi,0.42,"feed 15 - D14 2 - 2nd lysis, 0.42ng/ul"
mxPCR8737274,1,C7,32888,1,318,e2_f15_14d3_55c,e2_f15_14d3_55c,Anopheles_stephensi,0.41,"feed 15 - D14 3 - 2nd lysis, 0.41ng/ul"
mxPCR8737275,1,D7,32888,1,319,e2_f15_14d4_55c,e2_f15_14d4_55c,Anopheles_stephensi,0.57,"feed 15 - D14 4 - 2nd lysis, 0.57ng/ul"
mxPCR8737276,1,E7,32888,1,320,e2_f15_14d5_55c,e2_f15_14d5_55c,Anopheles_stephensi,0.37,"feed 15 - D14 5 - 2nd lysis, 0.37ng/ul"
mxPCR8737277,1,F7,32888,1,321,e2_f15_14d6_55c,e2_f15_14d6_55c,Anopheles_stephensi,0.46,"feed 15 - D14 6 - 2nd lysis, 0.46ng/ul"
mxPCR8737278,1,G7,32888,1,322,e2_f15_14d7_55c,e2_f15_14d7_55c,Anopheles_stephensi,0.81,"feed 15 - D14 7 - 2nd lysis, 0.81ng/ul"
mxPCR8737279,1,H7,32888,1,323,e2_f15_14d8_55c,e2_f15_14d8_55c,Anopheles_stephensi,0.61,"feed 15 - D14 8 - 2nd lysis, 0.61ng/ul"
mxPCR8737280,1,A8,32888,1,324,e2_blank_55c,e2_blank_55c,blank_sample,0,blank
mxPCR8737281,1,A9,32888,1,325,e2_f16_1d1_55c,e2_f16_1d1_55c,Anopheles_stephensi,0.76,"feed 16 - 24h 1 - 2nd lysis, 0.76ng/ul"
mxPCR8737282,1,B9,32888,1,326,e2_f16_1d2_55c,e2_f16_1d2_55c,Anopheles_stephensi,0.61,"feed 16 - 24h 2 - 2nd lysis, 0.61ng/ul"
mxPCR8737283,1,C9,32888,1,327,e2_f16_1d3_55c,e2_f16_1d3_55c,Anopheles_stephensi,0.73,"feed 16 - 24h 3 - 2nd lysis, 0.73ng/ul"
mxPCR8737284,1,D9,32888,1,328,e2_f16_1d4_55c,e2_f16_1d4_55c,Anopheles_stephensi,0.56,"feed 16 - 24h 4 - 2nd lysis, 0.56ng/ul"
mxPCR8737285,1,E9,32888,1,329,e2_f16_1d5_55c,e2_f16_1d5_55c,Anopheles_stephensi,0.61,"feed 16 - 24h 5 - 2nd lysis, 0.61ng/ul"
mxPCR8737286,1,F9,32888,1,330,e2_f16_1d6_55c,e2_f16_1d6_55c,Anopheles_stephensi,0.64,"feed 16 - 24h 6 - 2nd lysis, 0.64ng/ul"
mxPCR8737287,1,G9,32888,1,331,e2_f16_1d7_55c,e2_f16_1d7_55c,Anopheles_stephensi,0.76,"feed 16 - 24h 7 - 2nd lysis, 0.76ng/ul"
mxPCR8737288,1,H9,32888,1,332,e2_f16_1d8_55c,e2_f16_1d8_55c,Anopheles_stephensi,0.45,"feed 16 - 24h 8 - 2nd lysis, 0.45ng/ul"
mxPCR8737289,1,A10,32888,1,333,e2_f16_1d9_55c,e2_f16_1d9_55c,Anopheles_stephensi,0.45,"feed 16 - 24h 9 - 2nd lysis, 0.45ng/ul"
mxPCR8737290,1,B10,32888,1,334,e2_f16_1d10_55c,e2_f16_1d10_55c,Anopheles_stephensi,0.46,"feed 16 - 24h 10 - 2nd lysis, 0.46ng/ul"
mxPCR8737291,1,C10,32888,1,335,e2_f16_1d11_55c,e2_f16_1d11_55c,Anopheles_stephensi,0.32,"feed 16 - 24h 11 - 2nd lysis, 0.32ng/ul"
mxPCR8737292,1,D10,32888,1,336,e2_f16_1d12_55c,e2_f16_1d12_55c,Anopheles_stephensi,0.32,"feed 16 - 24h 12 - 2nd lysis, 0.32ng/ul"
mxPCR8737293,1,E10,32888,1,337,e2_f16_1d13_55c,e2_f16_1d13_55c,Anopheles_stephensi,0.44,"feed 16 - 24h 13 - 2nd lysis, 0.44ng/ul"
mxPCR8737294,1,F10,32888,1,338,e2_f16_1d14_55c,e2_f16_1d14_55c,Anopheles_stephensi,0.37,"feed 16 - 24h 14 - 2nd lysis, 0.37ng/ul"
mxPCR8737295,1,G10,32888,1,339,e2_f16_1d15_55c,e2_f16_1d15_55c,Anopheles_stephensi,0.42,"feed 16 - 24h 15 - 2nd lysis, 0.42ng/ul"
mxPCR8737296,1,H10,32888,1,340,e2_f16_1d16_55c,e2_f16_1d16_55c,Anopheles_stephensi,0.37,"feed 16 - 24h 16 - 2nd lysis, 0.37ng/ul"
mxPCR8737297,1,A11,32888,1,341,e2_f16_9d1_55c,e2_f16_9d1_55c,Anopheles_stephensi,0.73,"feed 16 - D9 1 - 2nd lysis, 0.73ng/ul"
mxPCR8737298,1,B11,32888,1,342,e2_f16_9d2_55c,e2_f16_9d2_55c,Anopheles_stephensi,0.48,"feed 16 - D9 2 - 2nd lysis, 0.48ng/ul"
mxPCR8737299,1,C11,32888,1,343,e2_f16_9d3_55c,e2_f16_9d3_55c,Anopheles_stephensi,0.6,"feed 16 - D9 3 - 2nd lysis, 0.60ng/ul"
mxPCR8737300,1,D11,32888,1,344,e2_f16_9d4_55c,e2_f16_9d4_55c,Anopheles_stephensi,0.41,"feed 16 - D9 4 - 2nd lysis, 0.41ng/ul"
mxPCR8737301,1,E11,32888,1,345,e2_f16_9d5_55c,e2_f16_9d5_55c,Anopheles_stephensi,0.54,"feed 16 - D9 5 - 2nd lysis, 0.54ng/ul"
mxPCR8737302,1,F11,32888,1,346,e2_f16_9d6_55c,e2_f16_9d6_55c,Anopheles_stephensi,0.69,"feed 16 - D9 6 - 2nd lysis, 0.69ng/ul"
mxPCR8737303,1,G11,32888,1,347,e2_f16_9d7_55c,e2_f16_9d7_55c,Anopheles_stephensi,0.63,"feed 16 - D9 7 - 2nd lysis, 0.63ng/ul"
mxPCR8737304,1,H11,32888,1,348,e2_f16_9d8_55c,e2_f16_9d8_55c,Anopheles_stephensi,0.72,"feed 16 - D9 8 - 2nd lysis, 0.72ng/ul"
mxPCR8737305,1,A12,32888,1,349,e2_f16_9d9_55c,e2_f16_9d9_55c,Anopheles_stephensi,0.57,"feed 16 - D9 9 - 2nd lysis, 0.57ng/ul"
mxPCR8737306,1,B12,32888,1,350,e2_f16_9d10_55c,e2_f16_9d10_55c,Anopheles_stephensi,0.76,"feed 16 - D9 10 - 2nd lysis, 0.76ng/ul"
mxPCR8737307,1,C12,32888,1,351,e2_f16_9d11_55c,e2_f16_9d11_55c,Anopheles_stephensi,0.49,"feed 16 - D9 11 - 2nd lysis, 0.49ng/ul"
mxPCR8737308,1,D12,32888,1,352,e2_f16_9d12_55c,e2_f16_9d12_55c,Anopheles_stephensi,0.41,"feed 16 - D9 12 - 2nd lysis, 0.41ng/ul"
mxPCR8737309,1,E12,32888,1,353,e2_f16_9d13_55c,e2_f16_9d13_55c,Anopheles_stephensi,0.57,"feed 16 - D9 13 - 2nd lysis, 0.57ng/ul"
mxPCR8737310,1,F12,32888,1,354,e2_f16_9d14_55c,e2_f16_9d14_55c,Anopheles_stephensi,0.52,"feed 16 - D9 14 - 2nd lysis, 0.52ng/ul"
mxPCR8737311,1,G12,32888,1,355,e2_f16_9d15_55c,e2_f16_9d15_55c,Anopheles_stephensi,0.4,"feed 16 - D9 15 - 2nd lysis, 0.40ng/ul"
mxPCR8737312,1,H12,32888,1,356,e2_f16_9d16_55c,e2_f16_9d16_55c,Anopheles_stephensi,0.43,"feed 16 - D9 16 - 2nd lysis, 0.43ng/ul"
mxPCR8737313,1,A1,32888,1,357,e1_f15_un1_51s,e1_f15_un1_51s,Anopheles_stephensi,0.74,"stephensi (unfed 1) 1st lysis, 0.74ng/ul"
mxPCR8737314,1,B1,32888,1,358,e1_f15_un2_51s,e1_f15_un2_51s,Anopheles_stephensi,0.57,"stephensi (unfed 2) 1st lysis, 0.57ng/ul"
mxPCR8737315,1,C1,32888,1,359,e1_f15_un3_51s,e1_f15_un3_51s,Anopheles_stephensi,0.59,"stephensi (unfed 3) 1st lysis, 0.59ng/ul"
mxPCR8737316,1,D1,32888,1,360,e1_f15_un4_51s,e1_f15_un4_51s,Anopheles_stephensi,0.52,"stephensi (unfed 4) 1st lysis, 0.52ng/ul"
mxPCR8737317,1,E1,32888,1,361,e1_f15_un5_51s,e1_f15_un5_51s,Anopheles_stephensi,0.51,"stephensi (unfed 5) 1st lysis, 0.51ng/ul"
mxPCR8737318,1,F1,32888,1,362,e1_f15_un6_51s,e1_f15_un6_51s,Anopheles_stephensi,0.64,"stephensi (unfed 6) 1st lysis, 0.64ng/ul"
mxPCR8737319,1,G1,32888,1,363,e1_f15_un7_51s,e1_f15_un7_51s,Anopheles_stephensi,0.63,"stephensi (unfed 7) 1st lysis, 0.63ng/ul"
mxPCR8737320,1,H1,32888,1,364,e1_f15_un8_51s,e1_f15_un8_51s,Anopheles_stephensi,0.58,"stephensi (unfed 8) 1st lysis, 0.58ng/ul"
mxPCR8737321,1,A2,32888,1,365,e1_f15_1d1_51s,e1_f15_1d1_51s,Anopheles_stephensi,0.97,"feed 15 - 24h 1 - 1st lysis, 0.97ng/ul"
mxPCR8737322,1,B2,32888,1,366,e1_f15_1d2_51s,e1_f15_1d2_51s,Anopheles_stephensi,1.51,"feed 15 - 24h 2 - 1st lysis, 1.51ng/ul"
mxPCR8737323,1,C2,32888,1,367,e1_f15_1d3_51s,e1_f15_1d3_51s,Anopheles_stephensi,1.03,"feed 15 - 24h 3 - 1st lysis, 1.03ng/ul"
mxPCR8737324,1,D2,32888,1,368,e1_f15_1d4_51s,e1_f15_1d4_51s,Anopheles_stephensi,1.06,"feed 15 - 24h 4 - 1st lysis, 1.06ng/ul"
mxPCR8737325,1,E2,32888,1,369,e1_f15_1d5_51s,e1_f15_1d5_51s,Anopheles_stephensi,1.04,"feed 15 - 24h 5 - 1st lysis, 1.04ng/ul"
mxPCR8737326,1,F2,32888,1,370,e1_f15_1d6_51s,e1_f15_1d6_51s,Anopheles_stephensi,0.9,"feed 15 - 24h 6 - 1st lysis, 0.90ng/ul"
mxPCR8737327,1,G2,32888,1,371,e1_f15_1d7_51s,e1_f15_1d7_51s,Anopheles_stephensi,1.07,"feed 15 - 24h 7 - 1st lysis, 1.07ng/ul"
mxPCR8737328,1,H2,32888,1,372,e1_f15_1d8_51s,e1_f15_1d8_51s,Anopheles_stephensi,0.47,"feed 15 - 24h 8 - 1st lysis, 0.47ng/ul"
mxPCR8737329,1,A3,32888,1,373,e1_f15_1d9_51s,e1_f15_1d9_51s,Anopheles_stephensi,0.88,"feed 15 - 24h 9 - 1st lysis, 0.88ng/ul"
mxPCR8737330,1,B3,32888,1,374,e1_f15_1d10_51s,e1_f15_1d10_51s,Anopheles_stephensi,0.95,"feed 15 - 24h 10 - 1st lysis, 0.95ng/ul"
mxPCR8737331,1,C3,32888,1,375,e1_f15_1d11_51s,e1_f15_1d11_51s,Anopheles_stephensi,0.52,"feed 15 - 24h 11 - 1st lysis, 0.52ng/ul"
mxPCR8737332,1,D3,32888,1,376,e1_f15_1d12_51s,e1_f15_1d12_51s,Anopheles_stephensi,0.85,"feed 15 - 24h 12 - 1st lysis, 0.85ng/ul"
mxPCR8737333,1,E3,32888,1,377,e1_f15_1d13_51s,e1_f15_1d13_51s,Anopheles_stephensi,0.54,"feed 15 - 24h 13 - 1st lysis, 0.54ng/ul"
mxPCR8737334,1,F3,32888,1,378,e1_f15_1d14_51s,e1_f15_1d14_51s,Anopheles_stephensi,0.65,"feed 15 - 24h 14 - 1st lysis, 0.65ng/ul"
mxPCR8737335,1,G3,32888,1,379,e1_f15_1d15_51s,e1_f15_1d15_51s,Anopheles_stephensi,0.9,"feed 15 - 24h 15 - 1st lysis, 0.90ng/ul"
mxPCR8737336,1,H3,32888,1,380,e1_f15_1d16_51s,e1_f15_1d16_51s,Anopheles_stephensi,1.06,"feed 15 - 24h 16 - 1st lysis, 1.06ng/ul"
mxPCR8737337,1,A4,32888,1,381,e1_f15_8d1_51s,e1_f15_8d1_51s,Anopheles_stephensi,0.47,"feed 15 - D8 1 - 1st lysis, 0.47ng/ul"
mxPCR8737338,1,B4,32888,1,382,e1_f15_8d2_51s,e1_f15_8d2_51s,Anopheles_stephensi,1.02,"feed 15 - D8 2 - 1st lysis, 1.02ng/ul"
mxPCR8737339,1,C4,32888,1,383,e1_f15_8d3_51s,e1_f15_8d3_51s,Anopheles_stephensi,0.56,"feed 15 - D8 3 - 1st lysis, 0.56ng/ul"
mxPCR8737340,1,D4,32888,1,384,e1_f15_8d4_51s,e1_f15_8d4_51s,Anopheles_stephensi,1.03,"feed 15 - D8 4 - 1st lysis, 1.03ng/ul"
mxPCR8737341,1,E4,32888,1,385,e1_f15_8d5_51s,e1_f15_8d5_51s,Anopheles_stephensi,0.77,"feed 15 - D8 5 - 1st lysis, 0.77ng/ul"
mxPCR8737342,1,F4,32888,1,386,e1_f15_8d6_51s,e1_f15_8d6_51s,Anopheles_stephensi,0.7,"feed 15 - D8 6 - 1st lysis, 0.70ng/ul"
mxPCR8737343,1,G4,32888,1,387,e1_f15_8d7_51s,e1_f15_8d7_51s,Anopheles_stephensi,0.68,"feed 15 - D8 7 - 1st lysis, 0.68ng/ul"
mxPCR8737344,1,H4,32888,1,388,e1_f15_8d8_51s,e1_f15_8d8_51s,Anopheles_stephensi,0.98,"feed 15 - D8 8 - 1st lysis, 0.98ng/ul"
mxPCR8737345,1,A5,32888,1,389,e1_f15_8d9_51s,e1_f15_8d9_51s,Anopheles_stephensi,1.33,"feed 15 - D8 9 - 1st lysis, 1.33ng/ul"
mxPCR8737346,1,B5,32888,1,390,e1_f15_8d10_51s,e1_f15_8d10_51s,Anopheles_stephensi,1.04,"feed 15 - D8 10 - 1st lysis, 1.04ng/ul"
mxPCR8737347,1,C5,32888,1,391,e1_f15_8d11_51s,e1_f15_8d11_51s,Anopheles_stephensi,0.76,"feed 15 - D8 11 - 1st lysis, 0.76ng/ul"
mxPCR8737348,1,D5,32888,1,392,e1_f15_8d12_51s,e1_f15_8d12_51s,Anopheles_stephensi,0.76,"feed 15 - D8 12 - 1st lysis, 0.76ng/ul"
mxPCR8737349,1,E5,32888,1,393,e1_f15_8d13_51s,e1_f15_8d13_51s,Anopheles_stephensi,0.69,"feed 15 - D8 13 - 1st lysis, 0.69ng/ul"
mxPCR8737350,1,F5,32888,1,394,e1_f15_8d14_51s,e1_f15_8d14_51s,Anopheles_stephensi,1.05,"feed 15 - D8 14 - 1st lysis, 1.05ng/ul"
mxPCR8737351,1,G5,32888,1,395,e1_f15_8d15_51s,e1_f15_8d15_51s,Anopheles_stephensi,0.77,"feed 15 - D8 15 - 1st lysis, 0.77ng/ul"
mxPCR8737352,1,H5,32888,1,396,e1_f15_8d16_51s,e1_f15_8d16_51s,Anopheles_stephensi,0.98,"feed 15 - D8 16 - 1st lysis, 0.98ng/ul"
mxPCR8737353,1,A6,32888,1,397,e1_f15_13d1_51s,e1_f15_13d1_51s,Anopheles_stephensi,0.71,"feed 15 - D13 1 - 1st lysis, 0.71ng/ul"
mxPCR8737354,1,B6,32888,1,398,e1_f15_13d2_51s,e1_f15_13d2_51s,Anopheles_stephensi,0.72,"feed 15 - D13 2 - 1st lysis, 0.72ng/ul"
mxPCR8737355,1,C6,32888,1,399,e1_f15_13d3_51s,e1_f15_13d3_51s,Anopheles_stephensi,0.7,"feed 15 - D13 3 - 1st lysis, 0.70ng/ul"
mxPCR8737356,1,D6,32888,1,400,e1_f15_13d4_51s,e1_f15_13d4_51s,Anopheles_stephensi,0.54,"feed 15 - D13 4 - 1st lysis, 0.54ng/ul"
mxPCR8737357,1,E6,32888,1,401,e1_f15_13d5_51s,e1_f15_13d5_51s,Anopheles_stephensi,0.5,"feed 15 - D13 5 - 1st lysis, 0.50ng/ul"
mxPCR8737358,1,F6,32888,1,402,e1_f15_13d6_51s,e1_f15_13d6_51s,Anopheles_stephensi,0.53,"feed 15 - D13 6 - 1st lysis, 0.53ng/ul"
mxPCR8737359,1,G6,32888,1,403,e1_f15_13d7_51s,e1_f15_13d7_51s,Anopheles_stephensi,0.85,"feed 15 - D13 7 - 1st lysis, 0.85ng/ul"
mxPCR8737360,1,H6,32888,1,404,e1_f15_13d8_51s,e1_f15_13d8_51s,Anopheles_stephensi,0.88,"feed 15 - D13 8 - 1st lysis, 0.88ng/ul"
mxPCR8737361,1,A7,32888,1,405,e1_f15_14d1_51s,e1_f15_14d1_51s,Anopheles_stephensi,0.67,"feed 15 - D14 1 - 1st lysis, 0.67ng/ul"
mxPCR8737362,1,B7,32888,1,406,e1_f15_14d2_51s,e1_f15_14d2_51s,Anopheles_stephensi,0.79,"feed 15 - D14 2 - 1st lysis, 0.79ng/ul"
mxPCR8737363,1,C7,32888,1,407,e1_f15_14d3_51s,e1_f15_14d3_51s,Anopheles_stephensi,0.82,"feed 15 - D14 3 - 1st lysis, 0.82ng/ul"
mxPCR8737364,1,D7,32888,1,408,e1_f15_14d4_51s,e1_f15_14d4_51s,Anopheles_stephensi,0.92,"feed 15 - D14 4 - 1st lysis, 0.92ng/ul"
mxPCR8737365,1,E7,32888,1,409,e1_f15_14d5_51s,e1_f15_14d5_51s,Anopheles_stephensi,0.72,"feed 15 - D14 5 - 1st lysis, 0.72ng/ul"
mxPCR8737366,1,F7,32888,1,410,e1_f15_14d6_51s,e1_f15_14d6_51s,Anopheles_stephensi,0.63,"feed 15 - D14 6 - 1st lysis, 0.63ng/ul"
mxPCR8737367,1,G7,32888,1,411,e1_f15_14d7_51s,e1_f15_14d7_51s,Anopheles_stephensi,0.44,"feed 15 - D14 7 - 1st lysis, 0.44ng/ul"
mxPCR8737368,1,H7,32888,1,412,e1_f15_14d8_51s,e1_f15_14d8_51s,Anopheles_stephensi,0.62,"feed 15 - D14 8 - 1st lysis, 0.62ng/ul"
mxPCR8737369,1,A8,32888,1,413,e1_blank_51s,e1_blank_51s,blank_sample,0,blank
mxPCR8737370,1,A9,32888,1,414,e1_f16_1d1_51s,e1_f16_1d1_51s,Anopheles_stephensi,0.71,"feed 16 - 24h 1 - 1st lysis, 0.71ng/ul"
mxPCR8737371,1,B9,32888,1,415,e1_f16_1d2_51s,e1_f16_1d2_51s,Anopheles_stephensi,1.32,"feed 16 - 24h 2 - 1st lysis, 1.32ng/ul"
mxPCR8737372,1,C9,32888,1,416,e1_f16_1d3_51s,e1_f16_1d3_51s,Anopheles_stephensi,1.21,"feed 16 - 24h 3 - 1st lysis, 1.21ng/ul"
mxPCR8737373,1,D9,32888,1,417,e1_f16_1d4_51s,e1_f16_1d4_51s,Anopheles_stephensi,1.06,"feed 16 - 24h 4 - 1st lysis, 1.06ng/ul"
mxPCR8737374,1,E9,32888,1,418,e1_f16_1d5_51s,e1_f16_1d5_51s,Anopheles_stephensi,0.72,"feed 16 - 24h 5 - 1st lysis, 0.72ng/ul"
mxPCR8737375,1,F9,32888,1,419,e1_f16_1d6_51s,e1_f16_1d6_51s,Anopheles_stephensi,1.29,"feed 16 - 24h 6 - 1st lysis, 1.29ng/ul"
mxPCR8737376,1,G9,32888,1,420,e1_f16_1d7_51s,e1_f16_1d7_51s,Anopheles_stephensi,0.75,"feed 16 - 24h 7 - 1st lysis, 0.75ng/ul"
mxPCR8737377,1,H9,32888,1,421,e1_f16_1d8_51s,e1_f16_1d8_51s,Anopheles_stephensi,0.99,"feed 16 - 24h 8 - 1st lysis, 0.99ng/ul"
mxPCR8737378,1,A10,32888,1,422,e1_f16_1d9_51s,e1_f16_1d9_51s,Anopheles_stephensi,1.03,"feed 16 - 24h 9 - 1st lysis, 1.03ng/ul"
mxPCR8737379,1,B10,32888,1,423,e1_f16_1d10_51s,e1_f16_1d10_51s,Anopheles_stephensi,1.4,"feed 16 - 24h 10 - 1st lysis, 1.40ng/ul"
mxPCR8737380,1,C10,32888,1,424,e1_f16_1d11_51s,e1_f16_1d11_51s,Anopheles_stephensi,1.29,"feed 16 - 24h 11 - 1st lysis, 1.29ng/ul"
mxPCR8737381,1,D10,32888,1,425,e1_f16_1d12_51s,e1_f16_1d12_51s,Anopheles_stephensi,1.65,"feed 16 - 24h 12 - 1st lysis, 1.65ng/ul"
mxPCR8737382,1,E10,32888,1,426,e1_f16_1d13_51s,e1_f16_1d13_51s,Anopheles_stephensi,1.52,"feed 16 - 24h 13 - 1st lysis, 1.52ng/ul"
mxPCR8737383,1,F10,32888,1,427,e1_f16_1d14_51s,e1_f16_1d14_51s,Anopheles_stephensi,1.51,"feed 16 - 24h 14 - 1st lysis, 1.51ng/ul"
mxPCR8737384,1,G10,32888,1,428,e1_f16_1d15_51s,e1_f16_1d15_51s,Anopheles_stephensi,1.81,"feed 16 - 24h 15 - 1st lysis, 1.81ng/ul"
mxPCR8737385,1,H10,32888,1,429,e1_f16_1d16_51s,e1_f16_1d16_51s,Anopheles_stephensi,1.49,"feed 16 - 24h 16 - 1st lysis, 1.49ng/ul"
mxPCR8737386,1,A11,32888,1,430,e1_f16_9d1_51s,e1_f16_9d1_51s,Anopheles_stephensi,0.52,"feed 16 - D9 1 - 1st lysis, 0.52ng/ul"
mxPCR8737387,1,B11,32888,1,431,e1_f16_9d2_51s,e1_f16_9d2_51s,Anopheles_stephensi,1.07,"feed 16 - D9 2 - 1st lysis, 1.07ng/ul"
mxPCR8737388,1,C11,32888,1,432,e1_f16_9d3_51s,e1_f16_9d3_51s,Anopheles_stephensi,0.83,"feed 16 - D9 3 - 1st lysis, 0.83ng/ul"
mxPCR8737389,1,D11,32888,1,433,e1_f16_9d4_51s,e1_f16_9d4_51s,Anopheles_stephensi,0.73,"feed 16 - D9 4 - 1st lysis, 0.73ng/ul"
mxPCR8737390,1,E11,32888,1,434,e1_f16_9d5_51s,e1_f16_9d5_51s,Anopheles_stephensi,0.99,"feed 16 - D9 5 - 1st lysis, 0.99ng/ul"
mxPCR8737391,1,F11,32888,1,435,e1_f16_9d6_51s,e1_f16_9d6_51s,Anopheles_stephensi,0.47,"feed 16 - D9 6 - 1st lysis, 0.47ng/ul"
mxPCR8737392,1,G11,32888,1,436,e1_f16_9d7_51s,e1_f16_9d7_51s,Anopheles_stephensi,0.65,"feed 16 - D9 7 - 1st lysis, 0.65ng/ul"
mxPCR8737393,1,H11,32888,1,437,e1_f16_9d8_51s,e1_f16_9d8_51s,Anopheles_stephensi,0.69,"feed 16 - D9 8 - 1st lysis, 0.69ng/ul"
mxPCR8737394,1,A12,32888,1,438,e1_f16_9d9_51s,e1_f16_9d9_51s,Anopheles_stephensi,0.95,"feed 16 - D9 9 - 1st lysis, 0.95ng/ul"
mxPCR8737395,1,B12,32888,1,439,e1_f16_9d10_51s,e1_f16_9d10_51s,Anopheles_stephensi,0.76,"feed 16 - D9 10 - 1st lysis, 0.76ng/ul"
mxPCR8737396,1,C12,32888,1,440,e1_f16_9d11_51s,e1_f16_9d11_51s,Anopheles_stephensi,0.56,"feed 16 - D9 11 - 1st lysis, 0.56ng/ul"
mxPCR8737397,1,D12,32888,1,441,e1_f16_9d12_51s,e1_f16_9d12_51s,Anopheles_stephensi,0.66,"feed 16 - D9 12 - 1st lysis, 0.66ng/ul"
mxPCR8737398,1,E12,32888,1,442,e1_f16_9d13_51s,e1_f16_9d13_51s,Anopheles_stephensi,0.94,"feed 16 - D9 13 - 1st lysis, 0.94ng/ul"
mxPCR8737399,1,F12,32888,1,443,e1_f16_9d14_51s,e1_f16_9d14_51s,Anopheles_stephensi,1.03,"feed 16 - D9 14 - 1st lysis, 1.03ng/ul"
mxPCR8737400,1,G12,32888,1,444,e1_f16_9d15_51s,e1_f16_9d15_51s,Anopheles_stephensi,1.01,"feed 16 - D9 15 - 1st lysis, 1.01ng/ul"
mxPCR8737401,1,H12,32888,1,445,e1_f16_9d16_51s,e1_f16_9d16_51s,Anopheles_stephensi,0.57,"feed 16 - D9 16 - 1st lysis, 0.57ng/ul"
mxPCR8737402,1,A1,32888,1,446,e2_f15_un1_51s,e2_f15_un1_51s,Anopheles_stephensi,0.73,"stephensi (unfed 1) 2nd lysis, 0.73ng/ul"
mxPCR8737403,1,B1,32888,1,447,e2_f15_un2_51s,e2_f15_un2_51s,Anopheles_stephensi,0.56,"stephensi (unfed 2) 2nd lysis, 0.56ng/ul"
mxPCR8737404,1,C1,32888,1,448,e2_f15_un3_51s,e2_f15_un3_51s,Anopheles_stephensi,0.73,"stephensi (unfed 3) 2nd lysis, 0.73ng/ul"
mxPCR8737405,1,D1,32888,1,449,e2_f15_un4_51s,e2_f15_un4_51s,Anopheles_stephensi,0.61,"stephensi (unfed 4) 2nd lysis, 0.61ng/ul"
mxPCR8737406,1,E1,32888,1,450,e2_f15_un5_51s,e2_f15_un5_51s,Anopheles_stephensi,0.58,"stephensi (unfed 5) 2nd lysis, 0.58ng/ul"
mxPCR8737407,1,F1,32888,1,451,e2_f15_un6_51s,e2_f15_un6_51s,Anopheles_stephensi,0.41,"stephensi (unfed 6) 2nd lysis, 0.41ng/ul"
mxPCR8737408,1,G1,32888,1,452,e2_f15_un7_51s,e2_f15_un7_51s,Anopheles_stephensi,0.4,"stephensi (unfed 7) 2nd lysis, 0.40ng/ul"
mxPCR8737409,1,H1,32888,1,453,e2_f15_un8_51s,e2_f15_un8_51s,Anopheles_stephensi,0.44,"stephensi (unfed 8) 2nd lysis, 0.44ng/ul"
mxPCR8737410,1,A2,32888,1,454,e2_f15_1d1_51s,e2_f15_1d1_51s,Anopheles_stephensi,0.35,"feed 15 - 24h 1 - 2nd lysis, 0.35ng/ul"
mxPCR8737411,1,B2,32888,1,455,e2_f15_1d2_51s,e2_f15_1d2_51s,Anopheles_stephensi,0.41,"feed 15 - 24h 2 - 2nd lysis, 0.41ng/ul"
mxPCR8737412,1,C2,32888,1,456,e2_f15_1d3_51s,e2_f15_1d3_51s,Anopheles_stephensi,0.23,"feed 15 - 24h 3 - 2nd lysis, 0.23ng/ul"
mxPCR8737413,1,D2,32888,1,457,e2_f15_1d4_51s,e2_f15_1d4_51s,Anopheles_stephensi,0.38,"feed 15 - 24h 4 - 2nd lysis, 0.38ng/ul"
mxPCR8737414,1,E2,32888,1,458,e2_f15_1d5_51s,e2_f15_1d5_51s,Anopheles_stephensi,0.4,"feed 15 - 24h 5 - 2nd lysis, 0.40ng/ul"
mxPCR8737415,1,F2,32888,1,459,e2_f15_1d6_51s,e2_f15_1d6_51s,Anopheles_stephensi,0.18,"feed 15 - 24h 6 - 2nd lysis, 0.18ng/ul"
mxPCR8737416,1,G2,32888,1,460,e2_f15_1d7_51s,e2_f15_1d7_51s,Anopheles_stephensi,0.41,"feed 15 - 24h 7 - 2nd lysis, 0.41ng/ul"
mxPCR8737417,1,H2,32888,1,461,e2_f15_1d8_51s,e2_f15_1d8_51s,Anopheles_stephensi,0.47,"feed 15 - 24h 8 - 2nd lysis, 0.47ng/ul"
mxPCR8737418,1,A3,32888,1,462,e2_f15_1d9_51s,e2_f15_1d9_51s,Anopheles_stephensi,0.19,"feed 15 - 24h 9 - 2nd lysis, 0.19ng/ul"
mxPCR8737419,1,B3,32888,1,463,e2_f15_1d10_51s,e2_f15_1d10_51s,Anopheles_stephensi,0.27,"feed 15 - 24h 10 - 2nd lysis, 0.27ng/ul"
mxPCR8737420,1,C3,32888,1,464,e2_f15_1d11_51s,e2_f15_1d11_51s,Anopheles_stephensi,0.39,"feed 15 - 24h 11 - 2nd lysis, 0.39ng/ul"
mxPCR8737421,1,D3,32888,1,465,e2_f15_1d12_51s,e2_f15_1d12_51s,Anopheles_stephensi,0.46,"feed 15 - 24h 12 - 2nd lysis, 0.46ng/ul"
mxPCR8737422,1,E3,32888,1,466,e2_f15_1d13_51s,e2_f15_1d13_51s,Anopheles_stephensi,0.43,"feed 15 - 24h 13 - 2nd lysis, 0.43ng/ul"
mxPCR8737423,1,F3,32888,1,467,e2_f15_1d14_51s,e2_f15_1d14_51s,Anopheles_stephensi,0.2,"feed 15 - 24h 14 - 2nd lysis, 0.20ng/ul"
mxPCR8737424,1,G3,32888,1,468,e2_f15_1d15_51s,e2_f15_1d15_51s,Anopheles_stephensi,0.39,"feed 15 - 24h 15 - 2nd lysis, 0.39ng/ul"
mxPCR8737425,1,H3,32888,1,469,e2_f15_1d16_51s,e2_f15_1d16_51s,Anopheles_stephensi,0.27,"feed 15 - 24h 16 - 2nd lysis, 0.27ng/ul"
mxPCR8737426,1,A4,32888,1,470,e2_f15_8d1_51s,e2_f15_8d1_51s,Anopheles_stephensi,0.59,"feed 15 - D8 1 - 2nd lysis, 0.59ng/ul"
mxPCR8737427,1,B4,32888,1,471,e2_f15_8d2_51s,e2_f15_8d2_51s,Anopheles_stephensi,0.33,"feed 15 - D8 2 - 2nd lysis, 0.33ng/ul"
mxPCR8737428,1,C4,32888,1,472,e2_f15_8d3_51s,e2_f15_8d3_51s,Anopheles_stephensi,0.48,"feed 15 - D8 3 - 2nd lysis, 0.48ng/ul"
mxPCR8737429,1,D4,32888,1,473,e2_f15_8d4_51s,e2_f15_8d4_51s,Anopheles_stephensi,0.48,"feed 15 - D8 4 - 2nd lysis, 0.48ng/ul"
mxPCR8737430,1,E4,32888,1,474,e2_f15_8d5_51s,e2_f15_8d5_51s,Anopheles_stephensi,0.29,"feed 15 - D8 5 - 2nd lysis, 0.29ng/ul"
mxPCR8737431,1,F4,32888,1,475,e2_f15_8d6_51s,e2_f15_8d6_51s,Anopheles_stephensi,0.51,"feed 15 - D8 6 - 2nd lysis, 0.51ng/ul"
mxPCR8737432,1,G4,32888,1,476,e2_f15_8d7_51s,e2_f15_8d7_51s,Anopheles_stephensi,0.52,"feed 15 - D8 7 - 2nd lysis, 0.52ng/ul"
mxPCR8737433,1,H4,32888,1,477,e2_f15_8d8_51s,e2_f15_8d8_51s,Anopheles_stephensi,0.27,"feed 15 - D8 8 - 2nd lysis, 0.27ng/ul"
mxPCR8737434,1,A5,32888,1,478,e2_f15_8d9_51s,e2_f15_8d9_51s,Anopheles_stephensi,0.42,"feed 15 - D8 9 - 2nd lysis, 0.42ng/ul"
mxPCR8737435,1,B5,32888,1,479,e2_f15_8d10_51s,e2_f15_8d10_51s,Anopheles_stephensi,0.39,"feed 15 - D8 10 - 2nd lysis, 0.39ng/ul"
mxPCR8737436,1,C5,32888,1,480,e2_f15_8d11_51s,e2_f15_8d11_51s,Anopheles_stephensi,0.57,"feed 15 - D8 11 - 2nd lysis, 0.57ng/ul"
mxPCR8737437,1,D5,32888,1,481,e2_f15_8d12_51s,e2_f15_8d12_51s,Anopheles_stephensi,0.64,"feed 15 - D8 12 - 2nd lysis, 0.64ng/ul"
mxPCR8737438,1,E5,32888,1,482,e2_f15_8d13_51s,e2_f15_8d13_51s,Anopheles_stephensi,0.39,"feed 15 - D8 13 - 2nd lysis, 0.39ng/ul"
mxPCR8737439,1,F5,32888,1,483,e2_f15_8d14_51s,e2_f15_8d14_51s,Anopheles_stephensi,0.33,"feed 15 - D8 14 - 2nd lysis, 0.33ng/ul"
mxPCR8737440,1,G5,32888,1,484,e2_f15_8d15_51s,e2_f15_8d15_51s,Anopheles_stephensi,0.37,"feed 15 - D8 15 - 2nd lysis, 0.37ng/ul"
mxPCR8737441,1,H5,32888,1,485,e2_f15_8d16_51s,e2_f15_8d16_51s,Anopheles_stephensi,0.72,"feed 15 - D8 16 - 2nd lysis, 0.72ng/ul"
mxPCR8737442,1,A6,32888,1,486,e2_f15_13d1_51s,e2_f15_13d1_51s,Anopheles_stephensi,0.43,"feed 15 - D13 1 - 2nd lysis, 0.43ng/ul"
mxPCR8737443,1,B6,32888,1,487,e2_f15_13d2_51s,e2_f15_13d2_51s,Anopheles_stephensi,0.22,"feed 15 - D13 2 - 2nd lysis, 0.22ng/ul"
mxPCR8737444,1,C6,32888,1,488,e2_f15_13d3_51s,e2_f15_13d3_51s,Anopheles_stephensi,0.23,"feed 15 - D13 3 - 2nd lysis, 0.23ng/ul"
mxPCR8737445,1,D6,32888,1,489,e2_f15_13d4_51s,e2_f15_13d4_51s,Anopheles_stephensi,0.58,"feed 15 - D13 4 - 2nd lysis, 0.58ng/ul"
mxPCR8737446,1,E6,32888,1,490,e2_f15_13d5_51s,e2_f15_13d5_51s,Anopheles_stephensi,0.27,"feed 15 - D13 5 - 2nd lysis, 0.27ng/ul"
mxPCR8737447,1,F6,32888,1,491,e2_f15_13d6_51s,e2_f15_13d6_51s,Anopheles_stephensi,0.14,"feed 15 - D13 6 - 2nd lysis, 0.14ng/ul"
mxPCR8737448,1,G6,32888,1,492,e2_f15_13d7_51s,e2_f15_13d7_51s,Anopheles_stephensi,0.18,"feed 15 - D13 7 - 2nd lysis, 0.18ng/ul"
mxPCR8737449,1,H6,32888,1,493,e2_f15_13d8_51s,e2_f15_13d8_51s,Anopheles_stephensi,0.22,"feed 15 - D13 8 - 2nd lysis, 0.22ng/ul"
mxPCR8737450,1,A7,32888,1,494,e2_f15_14d1_51s,e2_f15_14d1_51s,Anopheles_stephensi,0.55,"feed 15 - D14 1 - 2nd lysis, 0.55ng/ul"
mxPCR8737451,1,B7,32888,1,495,e2_f15_14d2_51s,e2_f15_14d2_51s,Anopheles_stephensi,0.42,"feed 15 - D14 2 - 2nd lysis, 0.42ng/ul"
mxPCR8737452,1,C7,32888,1,496,e2_f15_14d3_51s,e2_f15_14d3_51s,Anopheles_stephensi,0.41,"feed 15 - D14 3 - 2nd lysis, 0.41ng/ul"
mxPCR8737453,1,D7,32888,1,497,e2_f15_14d4_51s,e2_f15_14d4_51s,Anopheles_stephensi,0.57,"feed 15 - D14 4 - 2nd lysis, 0.57ng/ul"
mxPCR8737454,1,E7,32888,1,498,e2_f15_14d5_51s,e2_f15_14d5_51s,Anopheles_stephensi,0.37,"feed 15 - D14 5 - 2nd lysis, 0.37ng/ul"
mxPCR8737455,1,F7,32888,1,499,e2_f15_14d6_51s,e2_f15_14d6_51s,Anopheles_stephensi,0.46,"feed 15 - D14 6 - 2nd lysis, 0.46ng/ul"
mxPCR8737456,1,G7,32888,1,500,e2_f15_14d7_51s,e2_f15_14d7_51s,Anopheles_stephensi,0.81,"feed 15 - D14 7 - 2nd lysis, 0.81ng/ul"
mxPCR8737457,1,H7,32888,1,501,e2_f15_14d8_51s,e2_f15_14d8_51s,Anopheles_stephensi,0.61,"feed 15 - D14 8 - 2nd lysis, 0.61ng/ul"
mxPCR8737458,1,A8,32888,1,502,e2_blank_51s,e2_blank_51s,blank_sample,0,blank
mxPCR8737459,1,A9,32888,1,503,e2_f16_1d1_51s,e2_f16_1d1_51s,Anopheles_stephensi,0.76,"feed 16 - 24h 1 - 2nd lysis, 0.76ng/ul"
mxPCR8737460,1,B9,32888,1,504,e2_f16_1d2_51s,e2_f16_1d2_51s,Anopheles_stephensi,0.61,"feed 16 - 24h 2 - 2nd lysis, 0.61ng/ul"
mxPCR8737461,1,C9,32888,1,505,e2_f16_1d3_51s,e2_f16_1d3_51s,Anopheles_stephensi,0.73,"feed 16 - 24h 3 - 2nd lysis, 0.73ng/ul"
mxPCR8737462,1,D9,32888,1,506,e2_f16_1d4_51s,e2_f16_1d4_51s,Anopheles_stephensi,0.56,"feed 16 - 24h 4 - 2nd lysis, 0.56ng/ul"
mxPCR8737463,1,E9,32888,1,507,e2_f16_1d5_51s,e2_f16_1d5_51s,Anopheles_stephensi,0.61,"feed 16 - 24h 5 - 2nd lysis, 0.61ng/ul"
mxPCR8737464,1,F9,32888,1,508,e2_f16_1d6_51s,e2_f16_1d6_51s,Anopheles_stephensi,0.64,"feed 16 - 24h 6 - 2nd lysis, 0.64ng/ul"
mxPCR8737465,1,G9,32888,1,509,e2_f16_1d7_51s,e2_f16_1d7_51s,Anopheles_stephensi,0.76,"feed 16 - 24h 7 - 2nd lysis, 0.76ng/ul"
mxPCR8737466,1,H9,32888,1,510,e2_f16_1d8_51s,e2_f16_1d8_51s,Anopheles_stephensi,0.45,"feed 16 - 24h 8 - 2nd lysis, 0.45ng/ul"
mxPCR8737467,1,A10,32888,1,511,e2_f16_1d9_51s,e2_f16_1d9_51s,Anopheles_stephensi,0.45,"feed 16 - 24h 9 - 2nd lysis, 0.45ng/ul"
mxPCR8737468,1,B10,32888,1,512,e2_f16_1d10_51s,e2_f16_1d10_51s,Anopheles_stephensi,0.46,"feed 16 - 24h 10 - 2nd lysis, 0.46ng/ul"
mxPCR8737469,1,C10,32888,1,513,e2_f16_1d11_51s,e2_f16_1d11_51s,Anopheles_stephensi,0.32,"feed 16 - 24h 11 - 2nd lysis, 0.32ng/ul"
mxPCR8737470,1,D10,32888,1,514,e2_f16_1d12_51s,e2_f16_1d12_51s,Anopheles_stephensi,0.32,"feed 16 - 24h 12 - 2nd lysis, 0.32ng/ul"
mxPCR8737471,1,E10,32888,1,515,e2_f16_1d13_51s,e2_f16_1d13_51s,Anopheles_stephensi,0.44,"feed 16 - 24h 13 - 2nd lysis, 0.44ng/ul"
mxPCR8737472,1,F10,32888,1,516,e2_f16_1d14_51s,e2_f16_1d14_51s,Anopheles_stephensi,0.37,"feed 16 - 24h 14 - 2nd lysis, 0.37ng/ul"
mxPCR8737473,1,G10,32888,1,517,e2_f16_1d15_51s,e2_f16_1d15_51s,Anopheles_stephensi,0.42,"feed 16 - 24h 15 - 2nd lysis, 0.42ng/ul"
mxPCR8737474,1,H10,32888,1,518,e2_f16_1d16_51s,e2_f16_1d16_51s,Anopheles_stephensi,0.37,"feed 16 - 24h 16 - 2nd lysis, 0.37ng/ul"
mxPCR8737475,1,A11,32888,1,519,e2_f16_9d1_51s,e2_f16_9d1_51s,Anopheles_stephensi,0.73,"feed 16 - D9 1 - 2nd lysis, 0.73ng/ul"
mxPCR8737476,1,B11,32888,1,520,e2_f16_9d2_51s,e2_f16_9d2_51s,Anopheles_stephensi,0.48,"feed 16 - D9 2 - 2nd lysis, 0.48ng/ul"
mxPCR8737477,1,C11,32888,1,521,e2_f16_9d3_51s,e2_f16_9d3_51s,Anopheles_stephensi,0.6,"feed 16 - D9 3 - 2nd lysis, 0.60ng/ul"
mxPCR8737478,1,D11,32888,1,522,e2_f16_9d4_51s,e2_f16_9d4_51s,Anopheles_stephensi,0.41,"feed 16 - D9 4 - 2nd lysis, 0.41ng/ul"
mxPCR8737479,1,E11,32888,1,523,e2_f16_9d5_51s,e2_f16_9d5_51s,Anopheles_stephensi,0.54,"feed 16 - D9 5 - 2nd lysis, 0.54ng/ul"
mxPCR8737480,1,F11,32888,1,524,e2_f16_9d6_51s,e2_f16_9d6_51s,Anopheles_stephensi,0.69,"feed 16 - D9 6 - 2nd lysis, 0.69ng/ul"
mxPCR8737481,1,G11,32888,1,525,e2_f16_9d7_51s,e2_f16_9d7_51s,Anopheles_stephensi,0.63,"feed 16 - D9 7 - 2nd lysis, 0.63ng/ul"
mxPCR8737482,1,H11,32888,1,526,e2_f16_9d8_51s,e2_f16_9d8_51s,Anopheles_stephensi,0.72,"feed 16 - D9 8 - 2nd lysis, 0.72ng/ul"
mxPCR8737483,1,A12,32888,1,527,e2_f16_9d9_51s,e2_f16_9d9_51s,Anopheles_stephensi,0.57,"feed 16 - D9 9 - 2nd lysis, 0.57ng/ul"
mxPCR8737484,1,B12,32888,1,528,e2_f16_9d10_51s,e2_f16_9d10_51s,Anopheles_stephensi,0.76,"feed 16 - D9 10 - 2nd lysis, 0.76ng/ul"
mxPCR8737485,1,C12,32888,1,529,e2_f16_9d11_51s,e2_f16_9d11_51s,Anopheles_stephensi,0.49,"feed 16 - D9 11 - 2nd lysis, 0.49ng/ul"
mxPCR8737486,1,D12,32888,1,530,e2_f16_9d12_51s,e2_f16_9d12_51s,Anopheles_stephensi,0.41,"feed 16 - D9 12 - 2nd lysis, 0.41ng/ul"
mxPCR8737487,1,E12,32888,1,531,e2_f16_9d13_51s,e2_f16_9d13_51s,Anopheles_stephensi,0.57,"feed 16 - D9 13 - 2nd lysis, 0.57ng/ul"
mxPCR8737488,1,F12,32888,1,532,e2_f16_9d14_51s,e2_f16_9d14_51s,Anopheles_stephensi,0.52,"feed 16 - D9 14 - 2nd lysis, 0.52ng/ul"
mxPCR8737489,1,G12,32888,1,533,e2_f16_9d15_51s,e2_f16_9d15_51s,Anopheles_stephensi,0.4,"feed 16 - D9 15 - 2nd lysis, 0.40ng/ul"
mxPCR8737490,1,H12,32888,1,534,e2_f16_9d16_51s,e2_f16_9d16_51s,Anopheles_stephensi,0.43,"feed 16 - D9 16 - 2nd lysis, 0.43ng/ul"
mxPCR8737491,1,A1,32888,1,535,e1_f15_un1_55s,e1_f15_un1_55s,Anopheles_stephensi,0.74,"stephensi (unfed 1) 1st lysis, 0.74ng/ul"
mxPCR8737492,1,B1,32888,1,536,e1_f15_un2_55s,e1_f15_un2_55s,Anopheles_stephensi,0.57,"stephensi (unfed 2) 1st lysis, 0.57ng/ul"
mxPCR8737493,1,C1,32888,1,537,e1_f15_un3_55s,e1_f15_un3_55s,Anopheles_stephensi,0.59,"stephensi (unfed 3) 1st lysis, 0.59ng/ul"
mxPCR8737494,1,D1,32888,1,538,e1_f15_un4_55s,e1_f15_un4_55s,Anopheles_stephensi,0.52,"stephensi (unfed 4) 1st lysis, 0.52ng/ul"
mxPCR8737495,1,E1,32888,1,539,e1_f15_un5_55s,e1_f15_un5_55s,Anopheles_stephensi,0.51,"stephensi (unfed 5) 1st lysis, 0.51ng/ul"
mxPCR8737496,1,F1,32888,1,540,e1_f15_un6_55s,e1_f15_un6_55s,Anopheles_stephensi,0.64,"stephensi (unfed 6) 1st lysis, 0.64ng/ul"
mxPCR8737497,1,G1,32888,1,541,e1_f15_un7_55s,e1_f15_un7_55s,Anopheles_stephensi,0.63,"stephensi (unfed 7) 1st lysis, 0.63ng/ul"
mxPCR8737498,1,H1,32888,1,542,e1_f15_un8_55s,e1_f15_un8_55s,Anopheles_stephensi,0.58,"stephensi (unfed 8) 1st lysis, 0.58ng/ul"
mxPCR8737499,1,A2,32888,1,543,e1_f15_1d1_55s,e1_f15_1d1_55s,Anopheles_stephensi,0.97,"feed 15 - 24h 1 - 1st lysis, 0.97ng/ul"
mxPCR8737500,1,B2,32888,1,544,e1_f15_1d2_55s,e1_f15_1d2_55s,Anopheles_stephensi,1.51,"feed 15 - 24h 2 - 1st lysis, 1.51ng/ul"
mxPCR8737501,1,C2,32888,1,545,e1_f15_1d3_55s,e1_f15_1d3_55s,Anopheles_stephensi,1.03,"feed 15 - 24h 3 - 1st lysis, 1.03ng/ul"
mxPCR8737502,1,D2,32888,1,546,e1_f15_1d4_55s,e1_f15_1d4_55s,Anopheles_stephensi,1.06,"feed 15 - 24h 4 - 1st lysis, 1.06ng/ul"
mxPCR8737503,1,E2,32888,1,547,e1_f15_1d5_55s,e1_f15_1d5_55s,Anopheles_stephensi,1.04,"feed 15 - 24h 5 - 1st lysis, 1.04ng/ul"
mxPCR8737504,1,F2,32888,1,548,e1_f15_1d6_55s,e1_f15_1d6_55s,Anopheles_stephensi,0.9,"feed 15 - 24h 6 - 1st lysis, 0.90ng/ul"
mxPCR8737505,1,G2,32888,1,549,e1_f15_1d7_55s,e1_f15_1d7_55s,Anopheles_stephensi,1.07,"feed 15 - 24h 7 - 1st lysis, 1.07ng/ul"
mxPCR8737506,1,H2,32888,1,550,e1_f15_1d8_55s,e1_f15_1d8_55s,Anopheles_stephensi,0.47,"feed 15 - 24h 8 - 1st lysis, 0.47ng/ul"
mxPCR8737507,1,A3,32888,1,551,e1_f15_1d9_55s,e1_f15_1d9_55s,Anopheles_stephensi,0.88,"feed 15 - 24h 9 - 1st lysis, 0.88ng/ul"
mxPCR8737508,1,B3,32888,1,552,e1_f15_1d10_55s,e1_f15_1d10_55s,Anopheles_stephensi,0.95,"feed 15 - 24h 10 - 1st lysis, 0.95ng/ul"
mxPCR8737509,1,C3,32888,1,553,e1_f15_1d11_55s,e1_f15_1d11_55s,Anopheles_stephensi,0.52,"feed 15 - 24h 11 - 1st lysis, 0.52ng/ul"
mxPCR8737510,1,D3,32888,1,554,e1_f15_1d12_55s,e1_f15_1d12_55s,Anopheles_stephensi,0.85,"feed 15 - 24h 12 - 1st lysis, 0.85ng/ul"
mxPCR8737511,1,E3,32888,1,555,e1_f15_1d13_55s,e1_f15_1d13_55s,Anopheles_stephensi,0.54,"feed 15 - 24h 13 - 1st lysis, 0.54ng/ul"
mxPCR8737512,1,F3,32888,1,556,e1_f15_1d14_55s,e1_f15_1d14_55s,Anopheles_stephensi,0.65,"feed 15 - 24h 14 - 1st lysis, 0.65ng/ul"
mxPCR8737513,1,G3,32888,1,557,e1_f15_1d15_55s,e1_f15_1d15_55s,Anopheles_stephensi,0.9,"feed 15 - 24h 15 - 1st lysis, 0.90ng/ul"
mxPCR8737514,1,H3,32888,1,558,e1_f15_1d16_55s,e1_f15_1d16_55s,Anopheles_stephensi,1.06,"feed 15 - 24h 16 - 1st lysis, 1.06ng/ul"
mxPCR8737515,1,A4,32888,1,559,e1_f15_8d1_55s,e1_f15_8d1_55s,Anopheles_stephensi,0.47,"feed 15 - D8 1 - 1st lysis, 0.47ng/ul"
mxPCR8737516,1,B4,32888,1,560,e1_f15_8d2_55s,e1_f15_8d2_55s,Anopheles_stephensi,1.02,"feed 15 - D8 2 - 1st lysis, 1.02ng/ul"
mxPCR8737517,1,C4,32888,1,561,e1_f15_8d3_55s,e1_f15_8d3_55s,Anopheles_stephensi,0.56,"feed 15 - D8 3 - 1st lysis, 0.56ng/ul"
mxPCR8737518,1,D4,32888,1,562,e1_f15_8d4_55s,e1_f15_8d4_55s,Anopheles_stephensi,1.03,"feed 15 - D8 4 - 1st lysis, 1.03ng/ul"
mxPCR8737519,1,E4,32888,1,563,e1_f15_8d5_55s,e1_f15_8d5_55s,Anopheles_stephensi,0.77,"feed 15 - D8 5 - 1st lysis, 0.77ng/ul"
mxPCR8737520,1,F4,32888,1,564,e1_f15_8d6_55s,e1_f15_8d6_55s,Anopheles_stephensi,0.7,"feed 15 - D8 6 - 1st lysis, 0.70ng/ul"
mxPCR8737521,1,G4,32888,1,565,e1_f15_8d7_55s,e1_f15_8d7_55s,Anopheles_stephensi,0.68,"feed 15 - D8 7 - 1st lysis, 0.68ng/ul"
mxPCR8737522,1,H4,32888,1,566,e1_f15_8d8_55s,e1_f15_8d8_55s,Anopheles_stephensi,0.98,"feed 15 - D8 8 - 1st lysis, 0.98ng/ul"
mxPCR8737523,1,A5,32888,1,567,e1_f15_8d9_55s,e1_f15_8d9_55s,Anopheles_stephensi,1.33,"feed 15 - D8 9 - 1st lysis, 1.33ng/ul"
mxPCR8737524,1,B5,32888,1,568,e1_f15_8d10_55s,e1_f15_8d10_55s,Anopheles_stephensi,1.04,"feed 15 - D8 10 - 1st lysis, 1.04ng/ul"
mxPCR8737525,1,C5,32888,1,569,e1_f15_8d11_55s,e1_f15_8d11_55s,Anopheles_stephensi,0.76,"feed 15 - D8 11 - 1st lysis, 0.76ng/ul"
mxPCR8737526,1,D5,32888,1,570,e1_f15_8d12_55s,e1_f15_8d12_55s,Anopheles_stephensi,0.76,"feed 15 - D8 12 - 1st lysis, 0.76ng/ul"
mxPCR8737527,1,E5,32888,1,571,e1_f15_8d13_55s,e1_f15_8d13_55s,Anopheles_stephensi,0.69,"feed 15 - D8 13 - 1st lysis, 0.69ng/ul"
mxPCR8737528,1,F5,32888,1,572,e1_f15_8d14_55s,e1_f15_8d14_55s,Anopheles_stephensi,1.05,"feed 15 - D8 14 - 1st lysis, 1.05ng/ul"
mxPCR8737529,1,G5,32888,1,573,e1_f15_8d15_55s,e1_f15_8d15_55s,Anopheles_stephensi,0.77,"feed 15 - D8 15 - 1st lysis, 0.77ng/ul"
mxPCR8737530,1,H5,32888,1,574,e1_f15_8d16_55s,e1_f15_8d16_55s,Anopheles_stephensi,0.98,"feed 15 - D8 16 - 1st lysis, 0.98ng/ul"
mxPCR8737531,1,A6,32888,1,575,e1_f15_13d1_55s,e1_f15_13d1_55s,Anopheles_stephensi,0.71,"feed 15 - D13 1 - 1st lysis, 0.71ng/ul"
mxPCR8737532,1,B6,32888,1,576,e1_f15_13d2_55s,e1_f15_13d2_55s,Anopheles_stephensi,0.72,"feed 15 - D13 2 - 1st lysis, 0.72ng/ul"
mxPCR8737533,1,C6,32888,1,577,e1_f15_13d3_55s,e1_f15_13d3_55s,Anopheles_stephensi,0.7,"feed 15 - D13 3 - 1st lysis, 0.70ng/ul"
mxPCR8737534,1,D6,32888,1,578,e1_f15_13d4_55s,e1_f15_13d4_55s,Anopheles_stephensi,0.54,"feed 15 - D13 4 - 1st lysis, 0.54ng/ul"
mxPCR8737535,1,E6,32888,1,579,e1_f15_13d5_55s,e1_f15_13d5_55s,Anopheles_stephensi,0.5,"feed 15 - D13 5 - 1st lysis, 0.50ng/ul"
mxPCR8737536,1,F6,32888,1,580,e1_f15_13d6_55s,e1_f15_13d6_55s,Anopheles_stephensi,0.53,"feed 15 - D13 6 - 1st lysis, 0.53ng/ul"
mxPCR8737537,1,G6,32888,1,581,e1_f15_13d7_55s,e1_f15_13d7_55s,Anopheles_stephensi,0.85,"feed 15 - D13 7 - 1st lysis, 0.85ng/ul"
mxPCR8737538,1,H6,32888,1,582,e1_f15_13d8_55s,e1_f15_13d8_55s,Anopheles_stephensi,0.88,"feed 15 - D13 8 - 1st lysis, 0.88ng/ul"
mxPCR8737539,1,A7,32888,1,583,e1_f15_14d1_55s,e1_f15_14d1_55s,Anopheles_stephensi,0.67,"feed 15 - D14 1 - 1st lysis, 0.67ng/ul"
mxPCR8737540,1,B7,32888,1,584,e1_f15_14d2_55s,e1_f15_14d2_55s,Anopheles_stephensi,0.79,"feed 15 - D14 2 - 1st lysis, 0.79ng/ul"
mxPCR8737541,1,C7,32888,1,585,e1_f15_14d3_55s,e1_f15_14d3_55s,Anopheles_stephensi,0.82,"feed 15 - D14 3 - 1st lysis, 0.82ng/ul"
mxPCR8737542,1,D7,32888,1,586,e1_f15_14d4_55s,e1_f15_14d4_55s,Anopheles_stephensi,0.92,"feed 15 - D14 4 - 1st lysis, 0.92ng/ul"
mxPCR8737543,1,E7,32888,1,587,e1_f15_14d5_55s,e1_f15_14d5_55s,Anopheles_stephensi,0.72,"feed 15 - D14 5 - 1st lysis, 0.72ng/ul"
mxPCR8737544,1,F7,32888,1,588,e1_f15_14d6_55s,e1_f15_14d6_55s,Anopheles_stephensi,0.63,"feed 15 - D14 6 - 1st lysis, 0.63ng/ul"
mxPCR8737545,1,G7,32888,1,589,e1_f15_14d7_55s,e1_f15_14d7_55s,Anopheles_stephensi,0.44,"feed 15 - D14 7 - 1st lysis, 0.44ng/ul"
mxPCR8737546,1,H7,32888,1,590,e1_f15_14d8_55s,e1_f15_14d8_55s,Anopheles_stephensi,0.62,"feed 15 - D14 8 - 1st lysis, 0.62ng/ul"
mxPCR8737547,1,A8,32888,1,591,e1_blank_55s,e1_blank_55s,blank_sample,0,blank
mxPCR8737548,1,A9,32888,1,592,e1_f16_1d1_55s,e1_f16_1d1_55s,Anopheles_stephensi,0.71,"feed 16 - 24h 1 - 1st lysis, 0.71ng/ul"
mxPCR8737549,1,B9,32888,1,593,e1_f16_1d2_55s,e1_f16_1d2_55s,Anopheles_stephensi,1.32,"feed 16 - 24h 2 - 1st lysis, 1.32ng/ul"
mxPCR8737550,1,C9,32888,1,594,e1_f16_1d3_55s,e1_f16_1d3_55s,Anopheles_stephensi,1.21,"feed 16 - 24h 3 - 1st lysis, 1.21ng/ul"
mxPCR8737551,1,D9,32888,1,595,e1_f16_1d4_55s,e1_f16_1d4_55s,Anopheles_stephensi,1.06,"feed 16 - 24h 4 - 1st lysis, 1.06ng/ul"
mxPCR8737552,1,E9,32888,1,596,e1_f16_1d5_55s,e1_f16_1d5_55s,Anopheles_stephensi,0.72,"feed 16 - 24h 5 - 1st lysis, 0.72ng/ul"
mxPCR8737553,1,F9,32888,1,597,e1_f16_1d6_55s,e1_f16_1d6_55s,Anopheles_stephensi,1.29,"feed 16 - 24h 6 - 1st lysis, 1.29ng/ul"
mxPCR8737554,1,G9,32888,1,598,e1_f16_1d7_55s,e1_f16_1d7_55s,Anopheles_stephensi,0.75,"feed 16 - 24h 7 - 1st lysis, 0.75ng/ul"
mxPCR8737555,1,H9,32888,1,599,e1_f16_1d8_55s,e1_f16_1d8_55s,Anopheles_stephensi,0.99,"feed 16 - 24h 8 - 1st lysis, 0.99ng/ul"
mxPCR8737556,1,A10,32888,1,600,e1_f16_1d9_55s,e1_f16_1d9_55s,Anopheles_stephensi,1.03,"feed 16 - 24h 9 - 1st lysis, 1.03ng/ul"
mxPCR8737557,1,B10,32888,1,601,e1_f16_1d10_55s,e1_f16_1d10_55s,Anopheles_stephensi,1.4,"feed 16 - 24h 10 - 1st lysis, 1.40ng/ul"
mxPCR8737558,1,C10,32888,1,602,e1_f16_1d11_55s,e1_f16_1d11_55s,Anopheles_stephensi,1.29,"feed 16 - 24h 11 - 1st lysis, 1.29ng/ul"
mxPCR8737559,1,D10,32888,1,603,e1_f16_1d12_55s,e1_f16_1d12_55s,Anopheles_stephensi,1.65,"feed 16 - 24h 12 - 1st lysis, 1.65ng/ul"
mxPCR8737560,1,E10,32888,1,604,e1_f16_1d13_55s,e1_f16_1d13_55s,Anopheles_stephensi,1.52,"feed 16 - 24h 13 - 1st lysis, 1.52ng/ul"
mxPCR8737561,1,F10,32888,1,605,e1_f16_1d14_55s,e1_f16_1d14_55s,Anopheles_stephensi,1.51,"feed 16 - 24h 14 - 1st lysis, 1.51ng/ul"
mxPCR8737562,1,G10,32888,1,606,e1_f16_1d15_55s,e1_f16_1d15_55s,Anopheles_stephensi,1.81,"feed 16 - 24h 15 - 1st lysis, 1.81ng/ul"
mxPCR8737563,1,H10,32888,1,607,e1_f16_1d16_55s,e1_f16_1d16_55s,Anopheles_stephensi,1.49,"feed 16 - 24h 16 - 1st lysis, 1.49ng/ul"
mxPCR8737564,1,A11,32888,1,608,e1_f16_9d1_55s,e1_f16_9d1_55s,Anopheles_stephensi,0.52,"feed 16 - D9 1 - 1st lysis, 0.52ng/ul"
mxPCR8737565,1,B11,32888,1,609,e1_f16_9d2_55s,e1_f16_9d2_55s,Anopheles_stephensi,1.07,"feed 16 - D9 2 - 1st lysis, 1.07ng/ul"
mxPCR8737566,1,C11,32888,1,610,e1_f16_9d3_55s,e1_f16_9d3_55s,Anopheles_stephensi,0.83,"feed 16 - D9 3 - 1st lysis, 0.83ng/ul"
mxPCR8737567,1,D11,32888,1,611,e1_f16_9d4_55s,e1_f16_9d4_55s,Anopheles_stephensi,0.73,"feed 16 - D9 4 - 1st lysis, 0.73ng/ul"
mxPCR8737568,1,E11,32888,1,612,e1_f16_9d5_55s,e1_f16_9d5_55s,Anopheles_stephensi,0.99,"feed 16 - D9 5 - 1st lysis, 0.99ng/ul"
mxPCR8737569,1,F11,32888,1,613,e1_f16_9d6_55s,e1_f16_9d6_55s,Anopheles_stephensi,0.47,"feed 16 - D9 6 - 1st lysis, 0.47ng/ul"
mxPCR8737570,1,G11,32888,1,614,e1_f16_9d7_55s,e1_f16_9d7_55s,Anopheles_stephensi,0.65,"feed 16 - D9 7 - 1st lysis, 0.65ng/ul"
mxPCR8737571,1,H11,32888,1,615,e1_f16_9d8_55s,e1_f16_9d8_55s,Anopheles_stephensi,0.69,"feed 16 - D9 8 - 1st lysis, 0.69ng/ul"
mxPCR8737572,1,A12,32888,1,616,e1_f16_9d9_55s,e1_f16_9d9_55s,Anopheles_stephensi,0.95,"feed 16 - D9 9 - 1st lysis, 0.95ng/ul"
mxPCR8737573,1,B12,32888,1,617,e1_f16_9d10_55s,e1_f16_9d10_55s,Anopheles_stephensi,0.76,"feed 16 - D9 10 - 1st lysis, 0.76ng/ul"
mxPCR8737574,1,C12,32888,1,618,e1_f16_9d11_55s,e1_f16_9d11_55s,Anopheles_stephensi,0.56,"feed 16 - D9 11 - 1st lysis, 0.56ng/ul"
mxPCR8737575,1,D12,32888,1,619,e1_f16_9d12_55s,e1_f16_9d12_55s,Anopheles_stephensi,0.66,"feed 16 - D9 12 - 1st lysis, 0.66ng/ul"
mxPCR8737576,1,E12,32888,1,620,e1_f16_9d13_55s,e1_f16_9d13_55s,Anopheles_stephensi,0.94,"feed 16 - D9 13 - 1st lysis, 0.94ng/ul"
mxPCR8737577,1,F12,32888,1,621,e1_f16_9d14_55s,e1_f16_9d14_55s,Anopheles_stephensi,1.03,"feed 16 - D9 14 - 1st lysis, 1.03ng/ul"
mxPCR8737578,1,G12,32888,1,622,e1_f16_9d15_55s,e1_f16_9d15_55s,Anopheles_stephensi,1.01,"feed 16 - D9 15 - 1st lysis, 1.01ng/ul"
mxPCR8737579,1,H12,32888,1,623,e1_f16_9d16_55s,e1_f16_9d16_55s,Anopheles_stephensi,0.57,"feed 16 - D9 16 - 1st lysis, 0.57ng/ul"
mxPCR8737580,1,A1,32888,1,624,e2_f15_un1_55s,e2_f15_un1_55s,Anopheles_stephensi,0.73,"stephensi (unfed 1) 2nd lysis, 0.73ng/ul"
mxPCR8737581,1,B1,32888,1,625,e2_f15_un2_55s,e2_f15_un2_55s,Anopheles_stephensi,0.56,"stephensi (unfed 2) 2nd lysis, 0.56ng/ul"
mxPCR8737582,1,C1,32888,1,626,e2_f15_un3_55s,e2_f15_un3_55s,Anopheles_stephensi,0.73,"stephensi (unfed 3) 2nd lysis, 0.73ng/ul"
mxPCR8737583,1,D1,32888,1,627,e2_f15_un4_55s,e2_f15_un4_55s,Anopheles_stephensi,0.61,"stephensi (unfed 4) 2nd lysis, 0.61ng/ul"
mxPCR8737584,1,E1,32888,1,628,e2_f15_un5_55s,e2_f15_un5_55s,Anopheles_stephensi,0.58,"stephensi (unfed 5) 2nd lysis, 0.58ng/ul"
mxPCR8737585,1,F1,32888,1,629,e2_f15_un6_55s,e2_f15_un6_55s,Anopheles_stephensi,0.41,"stephensi (unfed 6) 2nd lysis, 0.41ng/ul"
mxPCR8737586,1,G1,32888,1,630,e2_f15_un7_55s,e2_f15_un7_55s,Anopheles_stephensi,0.4,"stephensi (unfed 7) 2nd lysis, 0.40ng/ul"
mxPCR8737587,1,H1,32888,1,631,e2_f15_un8_55s,e2_f15_un8_55s,Anopheles_stephensi,0.44,"stephensi (unfed 8) 2nd lysis, 0.44ng/ul"
mxPCR8737588,1,A2,32888,1,632,e2_f15_1d1_55s,e2_f15_1d1_55s,Anopheles_stephensi,0.35,"feed 15 - 24h 1 - 2nd lysis, 0.35ng/ul"
mxPCR8737589,1,B2,32888,1,633,e2_f15_1d2_55s,e2_f15_1d2_55s,Anopheles_stephensi,0.41,"feed 15 - 24h 2 - 2nd lysis, 0.41ng/ul"
mxPCR8737590,1,C2,32888,1,634,e2_f15_1d3_55s,e2_f15_1d3_55s,Anopheles_stephensi,0.23,"feed 15 - 24h 3 - 2nd lysis, 0.23ng/ul"
mxPCR8737591,1,D2,32888,1,635,e2_f15_1d4_55s,e2_f15_1d4_55s,Anopheles_stephensi,0.38,"feed 15 - 24h 4 - 2nd lysis, 0.38ng/ul"
mxPCR8737592,1,E2,32888,1,636,e2_f15_1d5_55s,e2_f15_1d5_55s,Anopheles_stephensi,0.4,"feed 15 - 24h 5 - 2nd lysis, 0.40ng/ul"
mxPCR8737593,1,F2,32888,1,637,e2_f15_1d6_55s,e2_f15_1d6_55s,Anopheles_stephensi,0.18,"feed 15 - 24h 6 - 2nd lysis, 0.18ng/ul"
mxPCR8737594,1,G2,32888,1,638,e2_f15_1d7_55s,e2_f15_1d7_55s,Anopheles_stephensi,0.41,"feed 15 - 24h 7 - 2nd lysis, 0.41ng/ul"
mxPCR8737595,1,H2,32888,1,639,e2_f15_1d8_55s,e2_f15_1d8_55s,Anopheles_stephensi,0.47,"feed 15 - 24h 8 - 2nd lysis, 0.47ng/ul"
mxPCR8737596,1,A3,32888,1,640,e2_f15_1d9_55s,e2_f15_1d9_55s,Anopheles_stephensi,0.19,"feed 15 - 24h 9 - 2nd lysis, 0.19ng/ul"
mxPCR8737597,1,B3,32888,1,641,e2_f15_1d10_55s,e2_f15_1d10_55s,Anopheles_stephensi,0.27,"feed 15 - 24h 10 - 2nd lysis, 0.27ng/ul"
mxPCR8737598,1,C3,32888,1,642,e2_f15_1d11_55s,e2_f15_1d11_55s,Anopheles_stephensi,0.39,"feed 15 - 24h 11 - 2nd lysis, 0.39ng/ul"
mxPCR8737599,1,D3,32888,1,643,e2_f15_1d12_55s,e2_f15_1d12_55s,Anopheles_stephensi,0.46,"feed 15 - 24h 12 - 2nd lysis, 0.46ng/ul"
mxPCR8737600,1,E3,32888,1,644,e2_f15_1d13_55s,e2_f15_1d13_55s,Anopheles_stephensi,0.43,"feed 15 - 24h 13 - 2nd lysis, 0.43ng/ul"
mxPCR8737601,1,F3,32888,1,645,e2_f15_1d14_55s,e2_f15_1d14_55s,Anopheles_stephensi,0.2,"feed 15 - 24h 14 - 2nd lysis, 0.20ng/ul"
mxPCR8737602,1,G3,32888,1,646,e2_f15_1d15_55s,e2_f15_1d15_55s,Anopheles_stephensi,0.39,"feed 15 - 24h 15 - 2nd lysis, 0.39ng/ul"
mxPCR8737603,1,H3,32888,1,647,e2_f15_1d16_55s,e2_f15_1d16_55s,Anopheles_stephensi,0.27,"feed 15 - 24h 16 - 2nd lysis, 0.27ng/ul"
mxPCR8737604,1,A4,32888,1,648,e2_f15_8d1_55s,e2_f15_8d1_55s,Anopheles_stephensi,0.59,"feed 15 - D8 1 - 2nd lysis, 0.59ng/ul"
mxPCR8737605,1,B4,32888,1,649,e2_f15_8d2_55s,e2_f15_8d2_55s,Anopheles_stephensi,0.33,"feed 15 - D8 2 - 2nd lysis, 0.33ng/ul"
mxPCR8737606,1,C4,32888,1,650,e2_f15_8d3_55s,e2_f15_8d3_55s,Anopheles_stephensi,0.48,"feed 15 - D8 3 - 2nd lysis, 0.48ng/ul"
mxPCR8737607,1,D4,32888,1,651,e2_f15_8d4_55s,e2_f15_8d4_55s,Anopheles_stephensi,0.48,"feed 15 - D8 4 - 2nd lysis, 0.48ng/ul"
mxPCR8737608,1,E4,32888,1,652,e2_f15_8d5_55s,e2_f15_8d5_55s,Anopheles_stephensi,0.29,"feed 15 - D8 5 - 2nd lysis, 0.29ng/ul"
mxPCR8737609,1,F4,32888,1,653,e2_f15_8d6_55s,e2_f15_8d6_55s,Anopheles_stephensi,0.51,"feed 15 - D8 6 - 2nd lysis, 0.51ng/ul"
mxPCR8737610,1,G4,32888,1,654,e2_f15_8d7_55s,e2_f15_8d7_55s,Anopheles_stephensi,0.52,"feed 15 - D8 7 - 2nd lysis, 0.52ng/ul"
mxPCR8737611,1,H4,32888,1,655,e2_f15_8d8_55s,e2_f15_8d8_55s,Anopheles_stephensi,0.27,"feed 15 - D8 8 - 2nd lysis, 0.27ng/ul"
mxPCR8737612,1,A5,32888,1,656,e2_f15_8d9_55s,e2_f15_8d9_55s,Anopheles_stephensi,0.42,"feed 15 - D8 9 - 2nd lysis, 0.42ng/ul"
mxPCR8737613,1,B5,32888,1,657,e2_f15_8d10_55s,e2_f15_8d10_55s,Anopheles_stephensi,0.39,"feed 15 - D8 10 - 2nd lysis, 0.39ng/ul"
mxPCR8737614,1,C5,32888,1,658,e2_f15_8d11_55s,e2_f15_8d11_55s,Anopheles_stephensi,0.57,"feed 15 - D8 11 - 2nd lysis, 0.57ng/ul"
mxPCR8737615,1,D5,32888,1,659,e2_f15_8d12_55s,e2_f15_8d12_55s,Anopheles_stephensi,0.64,"feed 15 - D8 12 - 2nd lysis, 0.64ng/ul"
mxPCR8737616,1,E5,32888,1,660,e2_f15_8d13_55s,e2_f15_8d13_55s,Anopheles_stephensi,0.39,"feed 15 - D8 13 - 2nd lysis, 0.39ng/ul"
mxPCR8737617,1,F5,32888,1,661,e2_f15_8d14_55s,e2_f15_8d14_55s,Anopheles_stephensi,0.33,"feed 15 - D8 14 - 2nd lysis, 0.33ng/ul"
mxPCR8737618,1,G5,32888,1,662,e2_f15_8d15_55s,e2_f15_8d15_55s,Anopheles_stephensi,0.37,"feed 15 - D8 15 - 2nd lysis, 0.37ng/ul"
mxPCR8737619,1,H5,32888,1,663,e2_f15_8d16_55s,e2_f15_8d16_55s,Anopheles_stephensi,0.72,"feed 15 - D8 16 - 2nd lysis, 0.72ng/ul"
mxPCR8737620,1,A6,32888,1,664,e2_f15_13d1_55s,e2_f15_13d1_55s,Anopheles_stephensi,0.43,"feed 15 - D13 1 - 2nd lysis, 0.43ng/ul"
mxPCR8737621,1,B6,32888,1,665,e2_f15_13d2_55s,e2_f15_13d2_55s,Anopheles_stephensi,0.22,"feed 15 - D13 2 - 2nd lysis, 0.22ng/ul"
mxPCR8737622,1,C6,32888,1,666,e2_f15_13d3_55s,e2_f15_13d3_55s,Anopheles_stephensi,0.23,"feed 15 - D13 3 - 2nd lysis, 0.23ng/ul"
mxPCR8737623,1,D6,32888,1,667,e2_f15_13d4_55s,e2_f15_13d4_55s,Anopheles_stephensi,0.58,"feed 15 - D13 4 - 2nd lysis, 0.58ng/ul"
mxPCR8737624,1,E6,32888,1,668,e2_f15_13d5_55s,e2_f15_13d5_55s,Anopheles_stephensi,0.27,"feed 15 - D13 5 - 2nd lysis, 0.27ng/ul"
mxPCR8737625,1,F6,32888,1,669,e2_f15_13d6_55s,e2_f15_13d6_55s,Anopheles_stephensi,0.14,"feed 15 - D13 6 - 2nd lysis, 0.14ng/ul"
mxPCR8737626,1,G6,32888,1,670,e2_f15_13d7_55s,e2_f15_13d7_55s,Anopheles_stephensi,0.18,"feed 15 - D13 7 - 2nd lysis, 0.18ng/ul"
mxPCR8737627,1,H6,32888,1,671,e2_f15_13d8_55s,e2_f15_13d8_55s,Anopheles_stephensi,0.22,"feed 15 - D13 8 - 2nd lysis, 0.22ng/ul"
mxPCR8737628,1,A7,32888,1,672,e2_f15_14d1_55s,e2_f15_14d1_55s,Anopheles_stephensi,0.55,"feed 15 - D14 1 - 2nd lysis, 0.55ng/ul"
mxPCR8737629,1,B7,32888,1,673,e2_f15_14d2_55s,e2_f15_14d2_55s,Anopheles_stephensi,0.42,"feed 15 - D14 2 - 2nd lysis, 0.42ng/ul"
mxPCR8737630,1,C7,32888,1,674,e2_f15_14d3_55s,e2_f15_14d3_55s,Anopheles_stephensi,0.41,"feed 15 - D14 3 - 2nd lysis, 0.41ng/ul"
mxPCR8737631,1,D7,32888,1,675,e2_f15_14d4_55s,e2_f15_14d4_55s,Anopheles_stephensi,0.57,"feed 15 - D14 4 - 2nd lysis, 0.57ng/ul"
mxPCR8737632,1,E7,32888,1,676,e2_f15_14d5_55s,e2_f15_14d5_55s,Anopheles_stephensi,0.37,"feed 15 - D14 5 - 2nd lysis, 0.37ng/ul"
mxPCR8737633,1,F7,32888,1,677,e2_f15_14d6_55s,e2_f15_14d6_55s,Anopheles_stephensi,0.46,"feed 15 - D14 6 - 2nd lysis, 0.46ng/ul"
mxPCR8737634,1,G7,32888,1,678,e2_f15_14d7_55s,e2_f15_14d7_55s,Anopheles_stephensi,0.81,"feed 15 - D14 7 - 2nd lysis, 0.81ng/ul"
mxPCR8737635,1,H7,32888,1,679,e2_f15_14d8_55s,e2_f15_14d8_55s,Anopheles_stephensi,0.61,"feed 15 - D14 8 - 2nd lysis, 0.61ng/ul"
mxPCR8737636,1,A8,32888,1,680,e2_blank_55s,e2_blank_55s,blank_sample,0,blank
mxPCR8737637,1,A9,32888,1,681,e2_f16_1d1_55s,e2_f16_1d1_55s,Anopheles_stephensi,0.76,"feed 16 - 24h 1 - 2nd lysis, 0.76ng/ul"
mxPCR8737638,1,B9,32888,1,682,e2_f16_1d2_55s,e2_f16_1d2_55s,Anopheles_stephensi,0.61,"feed 16 - 24h 2 - 2nd lysis, 0.61ng/ul"
mxPCR8737639,1,C9,32888,1,683,e2_f16_1d3_55s,e2_f16_1d3_55s,Anopheles_stephensi,0.73,"feed 16 - 24h 3 - 2nd lysis, 0.73ng/ul"
mxPCR8737640,1,D9,32888,1,684,e2_f16_1d4_55s,e2_f16_1d4_55s,Anopheles_stephensi,0.56,"feed 16 - 24h 4 - 2nd lysis, 0.56ng/ul"
mxPCR8737641,1,E9,32888,1,685,e2_f16_1d5_55s,e2_f16_1d5_55s,Anopheles_stephensi,0.61,"feed 16 - 24h 5 - 2nd lysis, 0.61ng/ul"
mxPCR8737642,1,F9,32888,1,686,e2_f16_1d6_55s,e2_f16_1d6_55s,Anopheles_stephensi,0.64,"feed 16 - 24h 6 - 2nd lysis, 0.64ng/ul"
mxPCR8737643,1,G9,32888,1,687,e2_f16_1d7_55s,e2_f16_1d7_55s,Anopheles_stephensi,0.76,"feed 16 - 24h 7 - 2nd lysis, 0.76ng/ul"
mxPCR8737644,1,H9,32888,1,688,e2_f16_1d8_55s,e2_f16_1d8_55s,Anopheles_stephensi,0.45,"feed 16 - 24h 8 - 2nd lysis, 0.45ng/ul"
mxPCR8737645,1,A10,32888,1,689,e2_f16_1d9_55s,e2_f16_1d9_55s,Anopheles_stephensi,0.45,"feed 16 - 24h 9 - 2nd lysis, 0.45ng/ul"
mxPCR8737646,1,B10,32888,1,690,e2_f16_1d10_55s,e2_f16_1d10_55s,Anopheles_stephensi,0.46,"feed 16 - 24h 10 - 2nd lysis, 0.46ng/ul"
mxPCR8737647,1,C10,32888,1,691,e2_f16_1d11_55s,e2_f16_1d11_55s,Anopheles_stephensi,0.32,"feed 16 - 24h 11 - 2nd lysis, 0.32ng/ul"
mxPCR8737648,1,D10,32888,1,692,e2_f16_1d12_55s,e2_f16_1d12_55s,Anopheles_stephensi,0.32,"feed 16 - 24h 12 - 2nd lysis, 0.32ng/ul"
mxPCR8737649,1,E10,32888,1,693,e2_f16_1d13_55s,e2_f16_1d13_55s,Anopheles_stephensi,0.44,"feed 16 - 24h 13 - 2nd lysis, 0.44ng/ul"
mxPCR8737650,1,F10,32888,1,694,e2_f16_1d14_55s,e2_f16_1d14_55s,Anopheles_stephensi,0.37,"feed 16 - 24h 14 - 2nd lysis, 0.37ng/ul"
mxPCR8737651,1,G10,32888,1,695,e2_f16_1d15_55s,e2_f16_1d15_55s,Anopheles_stephensi,0.42,"feed 16 - 24h 15 - 2nd lysis, 0.42ng/ul"
mxPCR8737652,1,H10,32888,1,696,e2_f16_1d16_55s,e2_f16_1d16_55s,Anopheles_stephensi,0.37,"feed 16 - 24h 16 - 2nd lysis, 0.37ng/ul"
mxPCR8737653,1,A11,32888,1,697,e2_f16_9d1_55s,e2_f16_9d1_55s,Anopheles_stephensi,0.73,"feed 16 - D9 1 - 2nd lysis, 0.73ng/ul"
mxPCR8737654,1,B11,32888,1,698,e2_f16_9d2_55s,e2_f16_9d2_55s,Anopheles_stephensi,0.48,"feed 16 - D9 2 - 2nd lysis, 0.48ng/ul"
mxPCR8737655,1,C11,32888,1,699,e2_f16_9d3_55s,e2_f16_9d3_55s,Anopheles_stephensi,0.6,"feed 16 - D9 3 - 2nd lysis, 0.60ng/ul"
mxPCR8737656,1,D11,32888,1,700,e2_f16_9d4_55s,e2_f16_9d4_55s,Anopheles_stephensi,0.41,"feed 16 - D9 4 - 2nd lysis, 0.41ng/ul"
mxPCR8737657,1,E11,32888,1,701,e2_f16_9d5_55s,e2_f16_9d5_55s,Anopheles_stephensi,0.54,"feed 16 - D9 5 - 2nd lysis, 0.54ng/ul"
mxPCR8737658,1,F11,32888,1,702,e2_f16_9d6_55s,e2_f16_9d6_55s,Anopheles_stephensi,0.69,"feed 16 - D9 6 - 2nd lysis, 0.69ng/ul"
mxPCR8737659,1,G11,32888,1,703,e2_f16_9d7_55s,e2_f16_9d7_55s,Anopheles_stephensi,0.63,"feed 16 - D9 7 - 2nd lysis, 0.63ng/ul"
mxPCR8737660,1,H11,32888,1,704,e2_f16_9d8_55s,e2_f16_9d8_55s,Anopheles_stephensi,0.72,"feed 16 - D9 8 - 2nd lysis, 0.72ng/ul"
mxPCR8737661,1,A12,32888,1,705,e2_f16_9d9_55s,e2_f16_9d9_55s,Anopheles_stephensi,0.57,"feed 16 - D9 9 - 2nd lysis, 0.57ng/ul"
mxPCR8737662,1,B12,32888,1,706,e2_f16_9d10_55s,e2_f16_9d10_55s,Anopheles_stephensi,0.76,"feed 16 - D9 10 - 2nd lysis, 0.76ng/ul"
mxPCR8737663,1,C12,32888,1,707,e2_f16_9d11_55s,e2_f16_9d11_55s,Anopheles_stephensi,0.49,"feed 16 - D9 11 - 2nd lysis, 0.49ng/ul"
mxPCR8737664,1,D12,32888,1,708,e2_f16_9d12_55s,e2_f16_9d12_55s,Anopheles_stephensi,0.41,"feed 16 - D9 12 - 2nd lysis, 0.41ng/ul"
mxPCR8737665,1,E12,32888,1,709,e2_f16_9d13_55s,e2_f16_9d13_55s,Anopheles_stephensi,0.57,"feed 16 - D9 13 - 2nd lysis, 0.57ng/ul"
mxPCR8737666,1,F12,32888,1,710,e2_f16_9d14_55s,e2_f16_9d14_55s,Anopheles_stephensi,0.52,"feed 16 - D9 14 - 2nd lysis, 0.52ng/ul"
mxPCR8737667,1,G12,32888,1,711,e2_f16_9d15_55s,e2_f16_9d15_55s,Anopheles_stephensi,0.4,"feed 16 - D9 15 - 2nd lysis, 0.40ng/ul"
mxPCR8737668,1,H12,32888,1,712,e2_f16_9d16_55s,e2_f16_9d16_55s,Anopheles_stephensi,0.43,"feed 16 - D9 16 - 2nd lysis, 0.43ng/ul"