species	target	ag1k_cluster	s_Sample
Anopheles_aconitus	29	cl-29-13	VBS00055
Anopheles_aconitus	29	cl-29-4	VBS00053
Anopheles_aconitus	41	cl-41-15	VBS00053
Anopheles_aconitus	41	cl-41-21	VBS00055
Anopheles_aconitus	43	cl-43-2	VBS00053
Anopheles_aconitus	43	cl-43-3	VBS00055
Anopheles_aconitus	52	cl-52-24	VBS00053
Anopheles_aconitus	52	cl-52-31	VBS00055
Anopheles_aconitus	55	cl-55-10	VBS00053
Anopheles_annularis	6	cl-6-8	VBS00003
Anopheles_annularis	16	cl-16-28	VBS00004
Anopheles_annularis	16	cl-16-31	VBS00002
Anopheles_annularis	16	cl-16-32	VBS00003
Anopheles_annularis	17	cl-17-15	VBS00002
Anopheles_annularis	28	cl-28-14	VBS00004
Anopheles_annularis	30	cl-30-27	VBS00004
Anopheles_annularis	38	cl-38-1	VBS00002
Anopheles_annularis	41	cl-41-47	VBS00001
Anopheles_annularis	47	cl-47-20	VBS00003
Anopheles_annularis	54	cl-54-6	VBS00004
Anopheles_annularis	59	cl-59-21	VBS00003
Anopheles_balabacensis	23	cl-23-6	VBS00122
Anopheles_balabacensis	23	cl-23-9	VBS00122
Anopheles_balabacensis	24	cl-24-13	VBS00122
Anopheles_balabacensis	24	cl-24-17	VBS00122
Anopheles_balabacensis	24	cl-24-18	VBS00122
Anopheles_balabacensis	50	cl-50-4	VBS00122
Anopheles_balabacensis	50	cl-50-5	VBS00122
Anopheles_barbirostris	8	cl-8-6	VBS00023
Anopheles_barbirostris	8	cl-8-7	VBS00022
Anopheles_barbirostris	30	cl-30-8	VBS00021
Anopheles_barbirostris	32	cl-32-1	VBS00022
Anopheles_barbirostris	47	cl-47-6	VBS00024
Anopheles_brohieri	28	cl-28-40	Abro-30
Anopheles_carnevalei	19	cl-19-7	Acar-192
Anopheles_carnevalei	21	cl-21-6	Acar-195
Anopheles_carnevalei	24	cl-24-9	Acar-194
Anopheles_carnevalei	32	cl-32-4	Acar-191
Anopheles_carnevalei	40	cl-40-23	Acar-194
Anopheles_carnevalei	55	cl-55-28	Acar-192
Anopheles_coluzzii	8	cl-8-13	Acol-645
Anopheles_coluzzii	10	cl-10-17	Acol-570
Anopheles_coluzzii	13	cl-13-5	Acol-645
Anopheles_coluzzii	17	cl-17-14	Acol-570
Anopheles_coluzzii	17	cl-17-7	Acol-570
Anopheles_coluzzii	37	cl-37-20	Acol-645
Anopheles_coluzzii	40	cl-40-10	Acol-570
Anopheles_coluzzii	40	cl-40-11	Acol-645
Anopheles_coluzzii	41	cl-41-32	Acol-645
Anopheles_coluzzii	43	cl-43-10	Acol-645
Anopheles_coluzzii	45	cl-45-6	Acol-558
Anopheles_coluzzii	47	cl-47-10	Acol-645
Anopheles_coluzzii	47	cl-47-8	Acol-558
Anopheles_coluzzii	49	cl-49-11	Acol-558
Anopheles_coluzzii	50	cl-50-21	Acol-645
Anopheles_coluzzii	59	cl-59-5	Acol-645
Anopheles_coustani	10	cl-10-46	Acou-962
Anopheles_coustani	16	cl-16-13	Acou-962
Anopheles_coustani	17	cl-17-5	Acou-959
Anopheles_coustani	25	cl-25-15	Acou-71
Anopheles_coustani	43	cl-43-49	Acou-80
Anopheles_coustani	49	cl-49-5	Acou-959
Anopheles_coustani	49	cl-49-7	Acou-71
Anopheles_coustani	51	cl-51-21	Acou-71
Anopheles_coustani	55	cl-55-21	Acou-80
Anopheles_coustani	58	cl-58-2	Acou-71
Anopheles_cruzii	11	cl-11-27	Acru-RS32
Anopheles_cruzii	11	cl-11-30	Acru-RS32
Anopheles_dirus_A	7	cl-7-38	VBS00050
Anopheles_dirus_A	41	cl-41-49	VBS00050
Anopheles_dirus_A	42	cl-42-10	VBS00050
Anopheles_funestus	2	cl-2-5	Afun-1
Anopheles_funestus	7	cl-7-6	Afun-1
Anopheles_funestus	18	cl-18-15	Afun-1
Anopheles_funestus	38	cl-38-0	Afun-1
Anopheles_gambiae	16	cl-16-21	Agam-32
Anopheles_gambiae	16	cl-16-23	Agam-35
Anopheles_gambiae	17	cl-17-17	Agam-32
Anopheles_gambiae	40	cl-40-10	Agam-38
Anopheles_gambiae	43	cl-43-16	Agam-38
Anopheles_gambiae	49	cl-49-27	Agam-32
Anopheles_gambiae	50	cl-50-24	Agam-35
Anopheles_hyrcanus	0	cl-0-6	VBS00085
Anopheles_hyrcanus	1	cl-1-1	VBS00083
Anopheles_hyrcanus	1	cl-1-16	VBS00082
Anopheles_hyrcanus	1	cl-1-17	VBS00086
Anopheles_hyrcanus	19	cl-19-10	VBS00082
Anopheles_hyrcanus	19	cl-19-13	VBS00083
Anopheles_hyrcanus	24	cl-24-15	VBS00082
Anopheles_hyrcanus	26	cl-26-0	VBS00085
Anopheles_hyrcanus	30	cl-30-32	VBS00083
Anopheles_hyrcanus	44	cl-44-2	VBS00083
Anopheles_hyrcanus	44	cl-44-5	VBS00082
Anopheles_hyrcanus	46	cl-46-10	VBS00083
Anopheles_hyrcanus	48	cl-48-0	VBS00085
Anopheles_hyrcanus	49	cl-49-3	VBS00083
Anopheles_hyrcanus	49	cl-49-4	VBS00086
Anopheles_hyrcanus	49	cl-49-8	VBS00082
Anopheles_hyrcanus	55	cl-55-24	VBS00086
Anopheles_hyrcanus	55	cl-55-27	VBS00086
Anopheles_hyrcanus	55	cl-55-29	VBS00085
Anopheles_hyrcanus	55	cl-55-30	VBS00085
Anopheles_implexus	10	cl-10-0	Aimp-M0030
Anopheles_implexus	10	cl-10-19	Aimp-M0030
Anopheles_implexus	10	cl-10-7	Aimp-M0001
Anopheles_implexus	30	cl-30-0	Aimp-M1449
Anopheles_implexus	30	cl-30-1	Aimp-M0001
Anopheles_implexus	30	cl-30-2	Aimp-M0030
Anopheles_implexus	30	cl-30-3	Aimp-M0030
Anopheles_implexus	30	cl-30-32	Aimp-M0001
Anopheles_implexus	30	cl-30-4	Aimp-M1449
Anopheles_implexus	45	cl-45-10	Aimp-M0030
Anopheles_implexus	45	cl-45-20	Aimp-M1449
Anopheles_jamesii	10	cl-10-32	VBS00125
Anopheles_jamesii	10	cl-10-45	VBS00128
Anopheles_jamesii	18	cl-18-27	VBS00128
Anopheles_jamesii	30	cl-30-32	VBS00128
Anopheles_jamesii	31	cl-31-19	VBS00127
Anopheles_jamesii	40	cl-40-27	VBS00127
Anopheles_jamesii	41	cl-41-51	VBS00125
Anopheles_jamesii	41	cl-41-56	VBS00127
Anopheles_jamesii	53	cl-53-13	VBS00128
Anopheles_jamesii	53	cl-53-6	VBS00125
Anopheles_jebudensis	50	cl-50-23	Ajab-B620
Anopheles_jebudensis	50	cl-50-47	Ajab-B620
Anopheles_maculatus_A	7	cl-7-14	VBS00108
Anopheles_maculatus_A	7	cl-7-34	VBS00108
Anopheles_maculatus_A	9	cl-9-11	VBS00108
Anopheles_maculatus_A	10	cl-10-5	VBS00108
Anopheles_maculatus_A	18	cl-18-51	VBS00108
Anopheles_maculatus_A	30	cl-30-14	VBS00107
Anopheles_maculatus_A	30	cl-30-15	VBS00108
Anopheles_maculatus_A	31	cl-31-13	VBS00107
Anopheles_maculatus_A	41	cl-41-40	VBS00108
Anopheles_maculatus_A	43	cl-43-20	VBS00107
Anopheles_maculipalpis	42	cl-42-0	Amac-42
Anopheles_maculipalpis	48	cl-48-32	Amac-49
Anopheles_minimus_A	8	cl-8-31	VBS00061
Anopheles_minimus_A	31	cl-31-17	VBS00059
Anopheles_minimus_A	36	cl-36-13	VBS00061
Anopheles_minimus_A	44	cl-44-41	VBS00059
Anopheles_nili	7	cl-7-28	Anil-239
Anopheles_nili	8	cl-8-17	Anil-239
Anopheles_nili	10	cl-10-16	Anil-239
Anopheles_nili	10	cl-10-18	Anil-237
Anopheles_nili	16	cl-16-3	Anil-239
Anopheles_nili	26	cl-26-16	Anil-236
Anopheles_nili	59	cl-59-18	Anil-239
Anopheles_paludis	11	cl-11-28	Apal-81
Anopheles_paludis	11	cl-11-36	Apal-257
Anopheles_paludis	17	cl-17-24	Apal-81
Anopheles_paludis	17	cl-17-46	Apal-257
Anopheles_paludis	19	cl-19-10	Apal-81
Anopheles_paludis	19	cl-19-13	Apal-257
Anopheles_paludis	32	cl-32-10	Apal-257
Anopheles_paludis	32	cl-32-9	Apal-81
Anopheles_paludis	35	cl-35-0	Apal-257
Anopheles_paludis	35	cl-35-5	Apal-81
Anopheles_paludis	43	cl-43-38	Apal-257
Anopheles_paludis	43	cl-43-48	Apal-81
Anopheles_paludis	52	cl-52-33	Apal-257
Anopheles_paludis	52	cl-52-41	Apal-81
Anopheles_rampae	5	cl-5-20	VBS00115
Anopheles_rampae	5	cl-5-6	VBS00112
Anopheles_rampae	7	cl-7-15	VBS00114
Anopheles_rampae	7	cl-7-34	VBS00115
Anopheles_rampae	7	cl-7-35	VBS00113
Anopheles_rampae	10	cl-10-25	VBS00112
Anopheles_rampae	10	cl-10-5	VBS00113
Anopheles_rampae	10	cl-10-6	VBS00115
Anopheles_rampae	18	cl-18-30	VBS00115
Anopheles_rampae	18	cl-18-32	VBS00112
Anopheles_rampae	18	cl-18-35	VBS00115
Anopheles_rampae	19	cl-19-31	VBS00114
Anopheles_rampae	28	cl-28-9	VBS00113
Anopheles_rampae	30	cl-30-16	VBS00112
Anopheles_rampae	31	cl-31-18	VBS00113
Anopheles_rampae	35	cl-35-14	VBS00115
Anopheles_rampae	35	cl-35-20	VBS00114
Anopheles_rampae	40	cl-40-31	VBS00112
Anopheles_rampae	40	cl-40-42	VBS00113
Anopheles_rampae	41	cl-41-42	VBS00112
Anopheles_rampae	41	cl-41-43	VBS00112
Anopheles_rampae	43	cl-43-20	VBS00113
Anopheles_rampae	43	cl-43-25	VBS00114
Anopheles_rampae	43	cl-43-26	VBS00115
Anopheles_rampae	44	cl-44-38	VBS00115
Anopheles_rampae	45	cl-45-14	VBS00115
Anopheles_rampae	47	cl-47-44	VBS00114
Anopheles_rhodesiensis	4	cl-4-1	Arho-7-3
Anopheles_rhodesiensis	14	cl-14-4	Arho-7-4
Anopheles_rhodesiensis	44	cl-44-12	Arho-7-1
Anopheles_rhodesiensis	47	cl-47-31	Arho-7-4
Anopheles_rhodesiensis	60	cl-60-6	Arho-7-3
Anopheles_sundaicus	16	cl-16-6	VBS00146
Anopheles_sundaicus	46	cl-46-15	VBS00144
Anopheles_tenebrosus	10	cl-10-46	Aten-191
Anopheles_tenebrosus	16	cl-16-13	Aten-185
Anopheles_tenebrosus	16	cl-16-9	Aten-191
Anopheles_tenebrosus	17	cl-17-36	Aten-185
Anopheles_tenebrosus	18	cl-18-45	Aten-185
Anopheles_tenebrosus	40	cl-40-12	Aten-79
Anopheles_tenebrosus	43	cl-43-49	Aten-954
Anopheles_tenebrosus	45	cl-45-11	Aten-185
Anopheles_tenebrosus	48	cl-48-0	Aten-191
Anopheles_tenebrosus	48	cl-48-6	Aten-185
Anopheles_tessellatus	0	cl-0-2	VBS00149
Anopheles_tessellatus	0	cl-0-7	VBS00150
Anopheles_tessellatus	15	cl-15-2	VBS00149
Anopheles_tessellatus	16	cl-16-17	VBS00149
Anopheles_tessellatus	16	cl-16-33	VBS00149
Anopheles_tessellatus	16	cl-16-34	VBS00150
Anopheles_tessellatus	17	cl-17-42	VBS00149
Anopheles_tessellatus	19	cl-19-10	VBS00149
Anopheles_tessellatus	28	cl-28-2	VBS00149
Anopheles_tessellatus	28	cl-28-3	VBS00150
Anopheles_tessellatus	28	cl-28-5	VBS00149
Anopheles_tessellatus	30	cl-30-9	VBS00150
Anopheles_tessellatus	32	cl-32-9	VBS00149
Anopheles_tessellatus	37	cl-37-23	VBS00149
Anopheles_tessellatus	39	cl-39-6	VBS00149
Anopheles_tessellatus	40	cl-40-36	VBS00150
Anopheles_tessellatus	45	cl-45-3	VBS00149
Anopheles_tessellatus	47	cl-47-12	VBS00149
Anopheles_tessellatus	47	cl-47-54	VBS00150
Anopheles_theileri	1	cl-1-6	Athe-2
Anopheles_theileri	11	cl-11-12	Athe-2
Anopheles_theileri	13	cl-13-18	Athe-6-2
Anopheles_theileri	15	cl-15-11	Athe-6-2
Anopheles_theileri	18	cl-18-17	Athe-6-1
Anopheles_theileri	19	cl-19-41	Athe-1
Anopheles_theileri	32	cl-32-3	Athe-2
Anopheles_theileri	32	cl-32-4	Athe-2
Anopheles_theileri	47	cl-47-14	Athe-1
Anopheles_theileri	51	cl-51-14	Athe-6-1
Anopheles_theileri	51	cl-51-32	Athe-1
Anopheles_theileri	53	cl-53-8	Athe-6-1
Anopheles_theileri	55	cl-55-12	Athe-2
Anopheles_vagus	1	cl-1-22	VBS00156
Anopheles_vagus	22	cl-22-2	VBS00158
Anopheles_vagus	24	cl-24-14	VBS00157
Anopheles_vagus	31	cl-31-23	VBS00154
Anopheles_vinckei	5	cl-5-0	Avin-M0004
Anopheles_vinckei	5	cl-5-4	Avin-B0004
Anopheles_vinckei	6	cl-6-10	Avin-M0012
Anopheles_vinckei	7	cl-7-20	Avin-B0009
Anopheles_vinckei	19	cl-19-14	Avin-B0004
Anopheles_vinckei	19	cl-19-22	Avin-M0004
Anopheles_vinckei	27	cl-27-6	Avin-B0009
Anopheles_vinckei	47	cl-47-32	Avin-M0012
Anopheles_vinckei	48	cl-48-10	Avin-B0004
Anopheles_vinckei	48	cl-48-18	Avin-M0009
Anopheles_vinckei	50	cl-50-38	Avin-M0012
Anopheles_vinckei	50	cl-50-49	Avin-B0004
Anopheles_vinckei	50	cl-50-50	Avin-B0009
Anopheles_vinckei	50	cl-50-54	Avin-M0009
Anopheles_ziemanni	16	cl-16-9	Azie-334
Anopheles_ziemanni	17	cl-17-35	Azie-334
Anopheles_ziemanni	17	cl-17-5	Azie-334
Anopheles_ziemanni	18	cl-18-43	Azie-334
Anopheles_ziemanni	18	cl-18-46	Azie-1032
Anopheles_ziemanni	19	cl-19-12	Azie-334
Anopheles_ziemanni	27	cl-27-0	Azie-334
Anopheles_ziemanni	28	cl-28-7	Azie-334
Anopheles_ziemanni	30	cl-30-35	Azie-334
Anopheles_ziemanni	40	cl-40-12	Azie-77
Anopheles_ziemanni	43	cl-43-43	Azie-334
Anopheles_ziemanni	47	cl-47-3	Azie-334
Anopheles_ziemanni	49	cl-49-2	Azie-70
Anopheles_ziemanni	50	cl-50-44	Azie-334
Anopheles_ziemanni	51	cl-51-17	Azie-334
Anopheles_ziemanni	52	cl-52-34	Azie-334
Anopheles_ziemanni	55	cl-55-21	Azie-70
