amplicon,chrom,start,end,F,R,conc_multiplier,aligned_ampl_length,agam_ampl_length,aligned_insert_length,agam_insert_length,exon,gene,intergenic,intron,mRNA,repeat,utr,aligned_in_outgroup,start_insert,end_insert
0,2L,10356417,10356608,TGTSTACGGTCTGAAGAACATc,TTATCCGGCTCCAAGTTAAGG,10,259,191,216,148,E016098A;E016099A,AGAP005134,No,Yes,AGAP005134-RA,None,No,No,10356439,10356587
1,2L,10357458,10357648,GAGCGtGCGGCcAAGATG,ACAgACCGACGTTAATGGC,10,190,190,153,153,E016100A,AGAP005134,No,No,AGAP005134-RA,None,No,Yes,10357476,10357629
2,2L,12084495,12084690,CAGTCAAATTTCCAGACAATCT,CGGAAGTGCATTTGAAGGAAaA,5.8,234,195,190,152,None,None,Yes,No,None,None,No,,12084517,12084668
3,2L,13862864,13863055,GaTATAAATTGTCGATCACACAAACT,TGCATTTATCGTAGTACAATCTCA,2.6,255,191,205,141,None,None,Yes,No,None,None,No,,13862890,13863031
4,2L,18693481,18693714,ATGcTBGTCATgATGATGATCT,CCGATCCACGATAAGGAGTAC,10,270,233,227,190,E018545A,AGAP005681,No,No,AGAP005681-RA,None,No,Yes,18693503,18693693
5,2L,19065171,19065363,GCTGGCGCATAATTATCaCAAA,tTTCCACTTCATCGCTCGC,10,269,192,228,151,None,None,Yes,No,None,None,No,,19065193,19065344
6,2L,20840388,20840620,GCAAAATTTCCGTCCCATTA,TGTAATTAGCTGTGTCTTGTG,4,263,232,222,191,None,None,Yes,No,None,None,No,,20840408,20840599
7,2L,26760700,26760890,GTcTCgGAGCACATYGTG,TCGTACTTCATTATTCTTTGGACTG,4.55,328,190,285,147,E020405C;E020406C;E020405B;E020406B;E020405A;E020406A,AGAP006107,No,Yes,AGAP006107-RC;AGAP006107-RB;AGAP006107-RA,None,No,No,26760718,26760865
8,2L,27674646,27674836,AGTGRCTCCAGACGGTgTT,CCAAGGATTTGCTACTACCAcT,1.8,307,190,266,149,E020688A;E020689A;E020688B;E020689B,AGAP006176,No,Yes,AGAP006176-RA;AGAP006176-RB,None,No,,27674665,27674814
9,2L,40854755,40854948,GTATGTAGCGDGGTCCATTG,GTGCTATCGTTAAGAGGTCGTA,4.3,199,193,157,151,E023980A,AGAP007008,No,No,AGAP007008-RA,None,No,,40854775,40854926
10,2L,45852869,45853061,TTCAGGAGCTCACCAAATCG,TCCTTCACCTGTTGTACTGTAT,3.25,277,192,235,150,E025379B;E025380B;E025379A;E025380A,AGAP007340,No,Yes,AGAP007340-RB;AGAP007340-RA,None,No,,45852889,45853039
11,2L,48612516,48612730,ATTTCATtGCCTGTGCCATATC,CAAAATGTCTACCGTCGACAAG,2.5,257,214,213,170,E026619C;E026620C;E026619D;E026620D;E026619A;E026620A;E026619B;E026620B,AGAP007643,No,Yes,AGAP007643-RC;AGAP007643-RD;AGAP007643-RA;AGAP007643-RB,None,Yes,,48612538,48612708
12,2R,2224230,2224446,GTGAATTAGATTTTAATGAAGTAA,AGTGGGCAGATTTAATTTTAGATCT,10,281,216,232,167,None,None,Yes,No,None,None,No,,2224254,2224421
13,2R,4958251,4958444,GACATTTTAATTGATtTACTGTGTCTC,CCATCCATTTCAATCAACGTCA,2.1,263,193,214,144,None,AGAP001435,No,Yes,AGAP001435-RA,None,No,,4958278,4958422
14,2R,5647242,5647439,TCCAGCTCcTCGATGCTC,AAGCAGCAGAACAAcGAgAT,9.45,197,197,159,159,E039590C;E039590B;E039590A,AGAP001497,No,No,AGAP001497-RC;AGAP001497-RB;AGAP001497-RA,None,No,,5647260,5647419
15,2R,10783523,10783720,GCGTACTACGACATCCGg,TAGATGCCCTGCTTGTAGTT,4.2,197,197,159,159,E041067A,AGAP001806,No,No,AGAP001806-RA,None,No,No,10783541,10783700
16,2R,16469698,16469932,GCCATGACGATATCTACAATGC,GCGAACGCTGATTCTAATTTTG,5.25,367,234,323,190,E042394A;E042395A;E042394B;E042395B,AGAP002150,No,Yes,AGAP002150-RA;AGAP002150-RB,None,No,,16469720,16469910
17,2R,20528061,20528296,AGACACAAGGCCTTGAAGAAG,ACAGCTTCTTCTTGTCaTCGTA,2.3,340,235,297,192,E043230B;E043231B;E043230A;E043231A;E043230E;E043231E;E043230C;E043231C;E043230D;E043231D,AGAP002350,No,Yes,AGAP002350-RB;AGAP002350-RA;AGAP002350-RE;AGAP002350-RC;AGAP002350-RD,None,No,No,20528082,20528274
18,2R,26654565,26654757,gGTCGTAACCAARTGTCCAAAG,GAGTGCACTGAAAACCTATGTG,3.2,290,192,246,148,E044960A;E044962A,AGAP002748,No,Yes,AGAP002748-RA,None,No,,26654587,26654735
19,2R,29549959,29550182,CGCAATTGTCACAAATCTGTAT,GCAGTTTACGGCTTTTCTCC,2.6,325,223,283,184,None,None,Yes,No,None,None,No,,29549981,29550162
20,2R,34751983,34752216,GTAGGCCCATCGCACCGG,GATCGAgAGCTACATCGAGAAG,3.5,233,233,193,193,E047098A,AGAP003271,No,No,AGAP003271-RA,None,No,,34752001,34752194
21,2R,34758848,34759073,GCTCGTACTCGGccAGTAT,TCGATCGTATCCTGAAACTGTT,10,225,225,184,184,E047092A,AGAP003271,No,No,AGAP003271-RA,None,No,,34758867,34759051
22,2R,34760228,34760418,TAAAATGATTGCACACCTGcTCGC,AATCGcGTcGGACTTGTG,2.5,190,190,148,148,E047092A,AGAP003271,No,No,AGAP003271-RA,None,No,No,34760252,34760400
23,2R,41685377,41685580,AATGATTCGGATGATTTGCTTC,CCGTCATTATTTCCCAATCAAA,5.4,254,203,210,159,None,None,Yes,No,None,None,No,,41685399,41685558
24,2R,47730427,47730628,CAGAAATGACTAGAAGCAGTGC,ACATTACAATGGAAGTGAtGGC,1.75,201,201,157,157,E049922D;E049922B;E049922A;E049922C,AGAP003997,Yes,No,AGAP003997-RD;AGAP003997-RB;AGAP003997-RA;AGAP003997-RC,None,No,No,47730449,47730606
25,2R,47760725,47760916,CCTTGTGAACACTGTTGAACTT,AgCTGTTYGAATCGAAACCWTC,8.95,225,191,181,147,E049926A;E049927A,AGAP004000,No,Yes,AGAP004000-RA,None,No,No,47760747,47760894
26,2R,49059451,49059648,CACACAACTTTTATGTTTAATCA,AAAaTAATGGCCACTATTCCC,4.25,278,197,234,154,None,None,Yes,No,None,None,No,,49059474,49059627
27,2R,55724039,55724248,AAGTGRTCgGACGGTATGTG,ACTCATTCCTTTAARCTAGCgT,6.85,209,209,167,167,E051570A,AGAP004405,No,No,AGAP004405-RA,None,No,Some,55724059,55724226
28,2R,59335913,59336128,aCCATGATGTGCTAATCTGCTT,GcGGTGATTTTATTGATCCC,2.15,254,215,212,173,None,AGAP004648,No,Yes,AGAP004648-RA,None,No,,59335935,59336108
29,3L,1628447,1628637,TAGAATTACAATCAAGTGGAAGACG,TTATACAGTGGATGGCAGTCG,1.35,190,190,144,144,E004501A,AGAP010335,No,No,AGAP010335-RA,None,No,Yes,1628472,1628616
30,3L,3593397,3593599,ATAAAAGCTTCcTCGACAGCT,TCATGTTTATAACAAATTAGTCAAGCT,3.15,295,202,247,154,None,None,Yes,No,None,None,No,,3593418,3593572
31,3L,17232589,17232838,GACSTGCATcCTGTACGTG,CACTTGACCTTACTCCAGCC,2.05,249,249,210,210,E007610A,AGAP011116,No,No,AGAP011116-RA,None,No,Some,17232608,17232818
32,3L,18970545,18970742,GTgTTTTGTCGAATCATTTCAcA,CAGCTGATTGTVCTCTGTGAGT,5.65,222,197,177,154,E007977A,AGAP011194,No,Yes,AGAP011194-RA,None,No,,18970568,18970720
33,3L,23586121,23586316,ACATTGTTGGTAATTAATGTcCA,GCTGTtTATTTGTGTATGCAAACA,2.95,262,195,215,148,None,None,Yes,No,None,None,No,,23586144,23586292
34,3L,24430009,24430209,TCTATCACCATGCACTTCTTGT,AATGTAGATAGGCTAAAACCGC,1.9,200,200,156,156,E008841A,AGAP011422,No,No,AGAP011422-RA,None,No,Yes,24430031,24430187
35,3L,36310102,36310343,AACCTGTTCAAAGGATTGTTCG,CTCTACaGTCTCSACgTTGAAA,2.95,291,241,247,197,E010931A;E010932A;E010931B;E010932B,AGAP012014,No,Yes,AGAP012014-RA;AGAP012014-RB,None,No,,36310124,36310321
36,3L,36868188,36868384,ACAAGAGCAAGTAcTGGGAGTa,ATCAGCTCVGTGAACTTCTC,4.85,196,196,154,154,E011069A,AGAP012048,No,No,AGAP012048-RA,None,No,Some,36868210,36868364
37,3L,40426312,40426512,AAAGTTGATGAAAACGCGATGA,TTTGCGCTCTATTTCTGTCGAT,2.5,269,200,225,156,None,None,Yes,No,None,None,No,,40426334,40426490
38,3L,41196511,41196701,AAAAGTTTCAAAATTAATCATTCAG,AGTGCAAGACAGATgGCtGAAA,10,215,190,168,144,None,None,Yes,No,None,None,No,,41196536,41196679
39,3R,511992,512193,CAAATGGCGGtCGTTGTT,CCGAGGGTGACACACTTTT,3.2,206,201,169,164,None,None,Yes,No,None,None,No,,512010,512174
40,3R,1517585,1517779,AACTgGCACTAGTCATGTACAT,CAATTAATTCCGTTAGCCCGTG,3.2,284,194,240,150,E027585A;E027586A,AGAP007831,No,Yes,AGAP007831-RA,None,No,,1517607,1517757
41,3R,4532316,4532529,ACCTGCATTCGTATGTGTTCTA,TTCGAGGTGGGAGATTTTCTTC,3.15,320,213,276,169,E028459A;E028460A,AGAP008028,No,Yes,AGAP008028-RA,None,No,No,4532338,4532507
42,3R,4723138,4723328,AATGCTTCCATTAACTGCCATT,GGTTAAGTTTTAATGTGCGTAACA,8.4,258,190,212,144,None,None,Yes,No,None,None,No,,4723160,4723304
43,3R,5111033,5111228,AGTTCTTTGGAGAGTTCgGAAT,AAGAAAAGAAGTGAGAAAGCGA,3.1,283,195,239,151,E028628A;E060594B;E028613B,AGAP008077,No,Yes,AGAP008077-RA;AGAP008077-RB,None,No,No,5111055,5111206
44,3R,5418089,5418290,GCGCGTAATCGTTTTATCAAGA,ACAAATCTGATTACGATATGATC,10,301,201,256,156,None,None,Yes,No,None,None,No,,5418111,5418267
45,3R,7413635,7413825,TCAATTTGTCaTCTTTGTTTACCA,ATTGACATCAATCGATCGTTCA,10,263,190,217,144,None,None,Yes,No,None,None,No,No,7413659,7413803
46,3R,18359258,18359454,TGAAAGCGTGCCCAATTTG,AgTAGCTCATTAAtACAATCGCt,3.5,285,196,243,154,None,None,Yes,No,None,None,No,,18359277,18359431
47,3R,20821297,20821521,TGCTATGGTACCTAAACCTACG,CGATGGGTCAAACGGAATCG,1.45,276,224,234,182,E031903A;E031904A,AGAP008919,No,Yes,AGAP008919-RA,None,No,,20821319,20821501
48,3R,21622590,21622780,TGAATTATGATTAATGGTGTGCC,CAAGTGGGTGTGACATTCCA,1,234,190,191,147,None,AGAP027996,No,Yes,AGAP027996-RA,None,No,,21622613,21622760
49,3R,24061118,24061318,TtGAAGATTTATTAGAAATGGG,cGAAaGTATCAATCACTGTCAT,10,269,200,225,156,None,None,Yes,No,None,None,No,,24061140,24061296
50,3R,26418810,26419004,TTCCTCGCACACTCATGTAAG,TCTCGATGTAGAACTGCACg,2.85,298,194,257,153,E032758A;E032762A,AGAP009126,No,Yes,AGAP009126-RA,None,No,No,26418831,26418984
51,3R,42714259,42714464,tAATTTATTAATTGGcGCAaAGCA,ATGATGAATGGAACCGCACA,2.6,277,205,233,161,None,None,Yes,No,None,None,No,,42714283,42714444
52,3R,44497305,44497495,ACATTAGTGCTTTATTACGTGGT,CATTTCTTTGGCACTTTCTGAT,1.6,263,190,218,145,E035919A;E035920A,AGAP009860,No,Yes,AGAP009860-RA,None,No,Yes,44497328,44497473
53,3R,49478362,49478582,CAGCTCAGCAAGGCCAAC,CaACcTCgAGCTGCAGATC,10,220,220,183,183,E037197B;E037197C;E037197D;E037197E;E037197A;E037197F;E037197G;E037197H;E037197I;E037197J;E037197K,AGAP010147,No,No,AGAP010147-RB;AGAP010147-RC;AGAP010147-RD;AGAP010147-RE;AGAP010147-RA;AGAP010147-RF;AGAP010147-RG;AGAP010147-RH;AGAP010147-RI;AGAP010147-RJ;AGAP010147-RK,None,No,Yes,49478380,49478563
54,3R,50125901,50126091,AATACGCTCGCCTATAGAATGT,AATGCAAATTATGTgcgTCGTA,2.8,266,190,222,146,None,None,Yes,No,None,None,No,,50125923,50126069
55,3R,50147908,50148099,GATTTTATTACAaTTTTCCTTATGA,ACCAGAAATTAAAATATGTTAcACTTGA,7.6,257,191,204,138,None,None,Yes,No,None,None,No,,50147933,50148071
56,X,876704,876896,aGACTTTCAGGCCATGATMCC,TCAGTGAASGTTGAYTTgGTAA,10,253,192,210,149,E000286A,AGAP000054,No,No,AGAP000054-RA,None,No,,876725,876874
57,X,961313,961511,AGGAGATGCAAGTTACTATcGC,CACTATCGTAGCCCAGRTTC,2.9,201,198,159,156,E000315A,AGAP000061,No,No,AGAP000061-RA,None,No,,961335,961491
58,X,10000145,10000346,GAGGCDCAGGACACgATc,cTCCTGGATCTTCTGCATCTC,10,201,201,162,162,E002410A;E002410C;E054460B,AGAP000562,No,No,AGAP000562-RA;AGAP000562-RC;AGAP000562-RB,None,No,,10000163,10000325
59,X,11953329,11953522,TGATAATGAaCGGTGTGAATCG,GTGTCATTTAACTCAATTGTAACTTCA,2.9,248,193,199,144,None,None,Yes,No,None,None,No,,11953351,11953495
60,X,18453263,18453484,AaGACAGCTCCAATCAACA,cAAAGTCATGGCCCATTAATAA,8.15,273,221,232,180,None,AGAP000962,No,Yes,AGAP000962-RA,None,No,,18453282,18453462
61,X,18742155,18742358,TTtCAGCAGAAACATCCACATG,GTTTCGATGTACTTGGTGGTTT,3.15,227,203,183,159,E003998A,AGAP000974,No,Yes,AGAP000974-RA,None,No,,18742177,18742336
P1,3D7_MT,89,315,ACCATCCAATTTGATTGG,CTTGAGGCAGTTTGTTCC,,226,,,,,,,,,,,,107,297
P2,3D7_MT,1638,1893,TAGCGTGTATTGTTGCCTTG,CCTTTAATGTAGTTTCCTCACAGC,,255,,,,,,,,,,,,1658,1869