Primary_ID,ID,SeekDeep_ID,SNP,F,R,chr,start,end,F_deg,R_deg,identical_seq,idenified_lineages,aligned_spp,unaligned_spp,aligned_ampl_length,agam_ampl_length,aligned_insert_length,agam_insert_length,total_snvs,total_indels,insert_snvs,insert_indels,prop_id_lineages,exon,gene,intergenic,intron,mRNA,repeat,utr,AaegL5_identity,AaegL5_q_span,AaegL5_s_span,AgamP3_identity,AgamP3_q_span,AgamP3_s_span,BDGP6_identity,BDGP6_q_span,BDGP6_s_span,CpipJ2_identity,CpipJ2_q_span,CpipJ2_s_span,Comments,Outgroup ampl,conc_multiplier,annotation,start_insert,end_insert
0,31_var,V0,high freq,TGTSTACGGTCTGAAGAACATc,TTATCCGGCTCCAAGTTAAGG,2L,10356417,10356608,TGT[G/C]TACGGTCTGAAGAACATc,TT[A/G]TCCGGCTCCAAGTTAAGG,"[{'AsteI2', 'AsteS1'}]",20.0,21.0,,259,191.0,216.0,148.0,33.0,139.0,30.0,139.0,0.9523809520000001,E016098A;E016099A,AGAP005134,No,Yes,AGAP005134-RA,None,No,0.96969697,1-66,2:204342881-204342946,1.0,1-191,2L:10356418-10356608,0.951612903,1-62,2R:22800075-22800136,0.968253968,1-63,supercont3.30:1160215-1160153,F primer perfect match in Cpip&Aaeg,No,10,intron,10356439,10356587
1,33_other,O0,low freq,GAGCGtGCGGCcAAGATG,ACAgACCGACGTTAATGGC,2L,10357458,10357648,GAGCGtGCGGCcAAGATG,ACAgACCGACGTTAATGGC,"[{'AquaS1', 'AgamP3', 'AmelC1', 'AaraD1', 'AgamM1', 'AmerM1', 'AgamS1'}, {'AsteI2', 'AsteS1'}, {'AfarF1', 'AdirW1'}]",13.0,21.0,,190,190.0,153.0,153.0,36.0,0.0,33.0,0.0,0.6190476189999999,E016100A,AGAP005134,No,No,AGAP005134-RA,None,No,0.894736842,1-190,2:204349481-204349670,1.0,1-190,2L:10357459-10357648,,,,0.926315789,1-190,supercont3.30:1159280-1159091,"Cpip - perfect, Aaeg - 5` subst",Yes,10,exon,10357476,10357629
2,44_other,O1,low freq,CAGTCAAATTTCCAGACAATCT,CGGAAGTGCATTTGAAGGAAaA,2L,12084495,12084690,CAGTCAAATTTCCAGACAATCT,CGGAAGTGCATTTGAAGG-AAaA,"[{'AgamP3', 'AgamS1', 'AgamM1'}]",14.0,16.0,AchrA1;AsinS1;AatrE1;AdarC2;AalbS1,234,195.0,190.0,152.0,42.0,81.0,41.0,80.0,0.875,None,None,Yes,No,None,None,No,,,,1.0,1-195,2L:12084496-12084690,,,,,,,,,5.8,intergenic,12084517,12084668
3,47_other,O2,low freq,GaTATAAATTGTCGATCACACAAACT,TGCATTTATCGTAGTACAATCTCA,2L,13862864,13863055,GaTATAAATTGTCGATCACACAAACT,TGCATTTATCGTAGTACAATCTCA,"[{'AquaS1', 'AgamP3', 'AmelC1', 'AaraD1', 'AgamM1', 'AmerM1', 'AgamS1'}, {'AminM1', 'AfunF1'}, {'AsteI2', 'AsteS1'}]",13.0,21.0,,255,191.0,205.0,141.0,12.0,107.0,11.0,107.0,0.6190476189999999,None,None,Yes,No,None,None,No,,,,1.0,1-191,2L:13862865-13863055,,,,,,,,,2.6,intergenic,13862890,13863031
4,58_cons,C0,high freq,ATGcTBGTCATgATGATGATCT,CCGATCCACGATAAGGAGTAC,2L,18693481,18693714,ATGcT[C/T/G]GTCATgATGATGATCT,CCGATCCACGATAAGGAGTAC,"[{'AquaS1', 'AgamP3', 'AaraD1', 'AgamM1', 'AmerM1', 'AgamS1'}, {'AsteI2', 'AsteS1'}]",15.0,21.0,,270,233.0,227.0,190.0,32.0,74.0,29.0,74.0,0.7142857140000001,E018545A,AGAP005681,No,No,AGAP005681-RA,None,No,0.846153846,1-233,2:74623848-74623616,1.0,1-233,2L:18693482-18693714,,,,0.834042553,1-233,supercont3.137:804142-804374,5`subst in Aaeg&Cpip,Yes,10,exon,18693503,18693693
5,59_other,O3,low freq,GCTGGCGCATAATTATCaCAAA,tTTCCACTTCATCGCTCGC,2L,19065171,19065363,GCTGGCGCATAATTATCaCAAA,tTTCCACTTCATCGCTCGC,"[{'AsteI2', 'AsteS1'}]",15.0,16.0,AfarF1;AsinS1;AatrE1;AdarC2;AalbS1,269,192.0,228.0,151.0,43.0,135.0,41.0,135.0,0.9375,None,None,Yes,No,None,None,No,,,,1.0,1-192,2L:19065172-19065363,,,,,,,,,10,intergenic,19065193,19065344
6,65_other,O4,None,GCAAAATTTCCGTCCCATTA,TGTAATTAGCTGTGTCTTGTG,2L,20840388,20840620,GCAAAATTTCCGTCCCATTA,TGTAATTAGCTGTGTCTTGTG,[],15.0,15.0,AfarF1;AdirW1;AsinS1;AatrE1;AdarC2;AalbS1,263,232.0,222.0,191.0,30.0,124.0,30.0,124.0,1.0,None,None,Yes,No,None,None,No,,,,1.0,1-232,2L:20840389-20840620,,,,,,,,,4,intergenic,20840408,20840599
7,77_var,V1,high freq,GTcTCgGAGCACATYGTG,TCGTACTTCATTATTCTTTGGACTG,2L,26760700,26760890,GTcTCgGAGCACAT[C/T]GTG,TCGTACTTCATTATTCTTTGGACTG,"[{'AgamP3', 'AgamM1'}]",20.0,21.0,,328,190.0,285.0,147.0,46.0,157.0,43.0,157.0,0.9523809520000001,E020405C;E020406C;E020405B;E020406B;E020405A;E020406A,AGAP006107,No,Yes,AGAP006107-RC;AGAP006107-RB;AGAP006107-RA,None,No,0.951807229,1-83,2:205452944-205453026,1.0,1-190,2L:26760701-26760890,,,,,,,No R ,No,4.55,intron,26760718,26760865
8,83_var,V2,high freq,AGTGRCTCCAGACGGTgTT,CCAAGGATTTGCTACTACCAcT,2L,27674646,27674836,AGTG[A/G]CTCCAGACGGTgTT,CC[A/T/G]AGGATTTGCTACTACCAcT,"[{'AsteI2', 'AsteS1'}]",20.0,21.0,,307,190.0,266.0,149.0,31.0,178.0,27.0,178.0,0.9523809520000001,E020688A;E020689A;E020688B;E020689B,AGAP006176,No,Yes,AGAP006176-RA;AGAP006176-RB,None,No,,,,1.0,1-190,2L:27674647-27674836,,,,,,,,,1.8,intron,27674665,27674814
9,112_cons,C1,high freq,GTATGTAGCGDGGTCCATTG,GTGCTATCGTTAAGAGGTCGTA,2L,40854755,40854948,G[T/A]ATGTAGCG[G/A/T]GGTCCATTG,GTGCTATCGTTAAGAGGTCGTA,"[{'AgamP3', 'AgamS1', 'AquaS1'}, {'AaraD1', 'AgamM1'}, {'AminM1', 'AculA1'}, {'AsteI2', 'AsteS1'}]",15.0,20.0,AdarC2,199,193.0,157.0,151.0,35.0,6.0,33.0,6.0,0.75,E023980A,AGAP007008,No,No,AGAP007008-RA,None,No,,,,1.0,1-193,2L:40854756-40854948,,,,,,,,,4.3,exon,40854775,40854926
10,126_var,V3,low freq,TTCAGGAGCTCACCAAATCG,TCCTTCACCTGTTGTACTGTAT,2L,45852869,45853061,TTCAGGAGCTCACCAAATCG,TCCTTCACCTGTTGTACTGTAT,"[{'AsteI2', 'AsteS1'}]",19.0,20.0,AmacM1,277,192.0,235.0,150.0,9.0,155.0,9.0,155.0,0.95,E025379B;E025380B;E025379A;E025380A,AGAP007340,No,Yes,AGAP007340-RB;AGAP007340-RA,None,No,,,,1.0,1-192,2L:45852870-45853061,,,,,,,,,3.25,intron,45852889,45853039
11,128_var,V4,high freq,ATTTCATtGCCTGTGCCATATC,CAAAATGTCTACCGTCGACAAG,2L,48612516,48612730,ATTTCATtGCCTGTGCCATATC,CAA[A/C]ATGTCTACCGTCGACAAG,"[{'AsteI2', 'AsteS1'}]",20.0,21.0,,257,214.0,213.0,170.0,23.0,144.0,21.0,144.0,0.9523809520000001,E026619C;E026620C;E026619D;E026620D;E026619A;E026620A;E026619B;E026620B,AGAP007643,No,Yes,AGAP007643-RC;AGAP007643-RD;AGAP007643-RA;AGAP007643-RB,None,Yes,,,,1.0,1-214,2L:48612517-48612730,,,,,,,,,2.5,intron,48612538,48612708
12,140_other,O5,None,GTGAATTAGATTTTAATGAAGTAA,AGTGGGCAGATTTAATTTTAGATCT,2R,2224230,2224446,GTGAATTAGATTTTAATGAAGTAA,AGTGGGCAGATTTAATTTTAGATCT,"[{'AsteI2', 'AsteS1'}]",14.0,15.0,AgamM1;AmacM1;AsinS1;AatrE1;AdarC2;AalbS1,281,216.0,232.0,167.0,39.0,151.0,39.0,151.0,0.933333333,None,None,Yes,No,None,None,No,,,,1.0,1-216,2R:2224231-2224446,,,,,,,,,10,intergenic,2224254,2224421
13,159_other,O6,low freq,GACATTTTAATTGATtTACTGTGTCTC,CCATCCATTTCAATCAACGTCA,2R,4958251,4958444,GACATTTTAATTGATtTACTGTGTCTC,CCATCCATTTCAATCAACGTCA,"[{'AgamP3', 'AgamM1', 'AquaS1'}, {'AsteI2', 'AsteS1'}]",12.0,15.0,AfarF1;AdirW1;AsinS1;AatrE1;AdarC2;AalbS1,263,193.0,214.0,144.0,39.0,115.0,38.0,115.0,0.8,None,AGAP001435,No,Yes,AGAP001435-RA,None,No,,,,1.0,1-193,2R:4958252-4958444,,,,,,,,,2.1,intron,4958278,4958422
14,167_other,O7,low freq,TCCAGCTCcTCGATGCTC,AAGCAGCAGAACAAcGAgAT,2R,5647242,5647439,TCCAGCTCcTCGATGCTC,AAGCAGCAGAACAAcGAgAT,"[{'AquaS1', 'AgamP3', 'AmelC1', 'AaraD1', 'AgamM1', 'AmerM1', 'AgamS1'}]",15.0,21.0,,197,197.0,159.0,159.0,35.0,0.0,32.0,0.0,0.7142857140000001,E039590C;E039590B;E039590A,AGAP001497,No,No,AGAP001497-RC;AGAP001497-RB;AGAP001497-RA,None,No,,,,1.0,1-197,2R:5647243-5647439,,,,,,,,,9.45,exon,5647260,5647419
15,182_other,O8,low freq,GCGTACTACGACATCCGg,TAGATGCCCTGCTTGTAGTT,2R,10783523,10783720,GCGTACTACGACATCCGg,TAGATGCCCTGCTTGTAGTT,"[{'AquaS1', 'AgamP3', 'AaraD1', 'AgamM1', 'AmerM1', 'AgamS1'}, {'AsteI2', 'AsteS1'}]",14.0,20.0,AmacM1,197,197.0,159.0,159.0,33.0,0.0,32.0,0.0,0.7,E041067A,AGAP001806,No,No,AGAP001806-RA,None,No,0.8477157359999999,1-197,3:83794351-83794547,1.0,1-197,2R:10783524-10783720,0.879194631,49-197,X:1076849-1076701,0.888324873,1-197,supercont3.336:163607-163411,"3` subst in R (Cpip&Aaeg), no F match in Dmel",No,4.2,exon,10783541,10783700
16,193_var,V5,None,GCCATGACGATATCTACAATGC,GCGAACGCTGATTCTAATTTTG,2R,16469698,16469932,GCCATGACGATATCTACAATGC,GCGAACGCTGATTCTAATTTTG,"[{'AsteI2', 'AsteS1'}]",18.0,19.0,AmacM1;AsinS1,367,234.0,323.0,190.0,38.0,175.0,38.0,175.0,0.947368421,E042394A;E042395A;E042394B;E042395B,AGAP002150,No,Yes,AGAP002150-RA;AGAP002150-RB,None,No,,,,1.0,1-234,2R:16469699-16469932,,,,,,,,,5.25,intron,16469720,16469910
17,205_cons,C2,low freq,AGACACAAGGCCTTGAAGAAG,ACAGCTTCTTCTTGTCaTCGTA,2R,20528061,20528296,AGACACAAGGCCTTGAAGAAG,ACAGCTTCTTCTTGTCaTCGTA,"[{'AsteI2', 'AsteS1'}]",20.0,21.0,,340,235.0,297.0,192.0,50.0,160.0,49.0,160.0,0.9523809520000001,E043230B;E043231B;E043230A;E043231A;E043230E;E043231E;E043230C;E043231C;E043230D;E043231D,AGAP002350,No,Yes,AGAP002350-RB;AGAP002350-RA;AGAP002350-RE;AGAP002350-RC;AGAP002350-RD,None,No,,,,1.0,1-235,2R:20528062-20528296,,,,0.962025316,157-235,supercont3.252:467430-467508,No F match,No,2.3,intron,20528082,20528274
18,220_var,V6,high freq,gGTCGTAACCAARTGTCCAAAG,GAGTGCACTGAAAACCTATGTG,2R,26654565,26654757,gGT[C/T]GTAACCAA[A/G]TGTCCAAAG,GAGTGCACTGAAAACCTATGTG,"[{'AsteI2', 'AsteS1'}]",20.0,21.0,,290,192.0,246.0,148.0,42.0,145.0,39.0,145.0,0.9523809520000001,E044960A;E044962A,AGAP002748,No,Yes,AGAP002748-RA,None,No,,,,1.0,1-192,2R:26654566-26654757,,,,,,,,,3.2,intron,26654587,26654735
19,245_other,O9,None,CGCAATTGTCACAAATCTGTAT,GCAGTTTACGGCTTTTCTCC,2R,29549959,29550182,CGCAATTGTCACAAATCTGTAT,GCAGTTTACGGCTTTTCTCC,"[{'AgamP3', 'AquaS1'}]",19.0,20.0,AmacM1,325,223.0,283.0,184.0,28.0,168.0,28.0,165.0,0.95,None,None,Yes,No,None,None,No,,,,1.0,1-223,2R:29549960-29550182,,,,,,,,,2.6,intergenic,29549981,29550162
20,249_other,O10,low freq,GTAGGCCCATCGCACCGG,GATCGAgAGCTACATCGAGAAG,2R,34751983,34752216,GTAGGCCCATCGCACCGG,GATCGAgAGCTACATCGAGAAG,"[{'AquaS1', 'AgamP3', 'AmelC1', 'AaraD1', 'AgamM1', 'AmerM1', 'AgamS1'}, {'AsteI2', 'AsteS1'}]",14.0,21.0,,233,233.0,193.0,193.0,38.0,0.0,37.0,0.0,0.666666667,E047098A,AGAP003271,No,No,AGAP003271-RA,None,No,,,,1.0,1-233,2R:34751984-34752216,,,,,,,,,3.5,exon,34752001,34752194
21,252_other,O11,low freq,GCTCGTACTCGGccAGTAT,TCGATCGTATCCTGAAACTGTT,2R,34758848,34759073,GCTCGTACTCGGccAGTAT,TCGATCGTATCCTGAAACTGTT,"[{'AgamP3', 'AaraD1', 'AmelC1', 'AgamM1', 'AquaS1'}, {'AsteI2', 'AsteS1'}]",16.0,21.0,,225,225.0,184.0,184.0,28.0,0.0,26.0,0.0,0.761904762,E047092A,AGAP003271,No,No,AGAP003271-RA,None,No,,,,1.0,1-225,2R:34758849-34759073,,,,,,,,,10,exon,34758867,34759051
22,253_other,O12,low freq,TAAAATGATTGCACACCTGcTCGC,AATCGcGTcGGACTTGTG,2R,34760228,34760418,TAAAATGATTGCACACCTGcTCGC,AATCGcGTcGGACTTGTG,"[{'AquaS1', 'AmelC1', 'AaraD1', 'AgamM1', 'AmerM1', 'AgamS1'}, {'AsteI2', 'AsteS1'}]",15.0,21.0,,190,190.0,148.0,148.0,20.0,0.0,17.0,0.0,0.7142857140000001,E047092A,AGAP003271,No,No,AGAP003271-RA,None,No,0.871657754,1-187,3:122466459-122466273,1.0,1-190,2R:34760229-34760418,,,,0.845714286,1-175,supercont3.138:365006-365180,"mid subst in F, 3` sub Aaeg, low overlap Cpip",No,2.5,exon,34760252,34760400
23,269_other,O13,None,AATGATTCGGATGATTTGCTTC,CCGTCATTATTTCCCAATCAAA,2R,41685377,41685580,AATGATTCGGATGATTTGCTTC,CCGTCATTATTTCCCAATCAAA,"[{'AgamP3', 'AgamS1'}, {'AsteI2', 'AsteS1'}]",19.0,21.0,,254,203.0,210.0,159.0,26.0,147.0,26.0,147.0,0.904761905,None,None,Yes,No,None,None,No,,,,1.0,1-203,2R:41685378-41685580,,,,,,,,,5.4,intergenic,41685399,41685558
24,280_other,O14,low freq,CAGAAATGACTAGAAGCAGTGC,ACATTACAATGGAAGTGAtGGC,2R,47730427,47730628,CAGAAATGACTAGAAGCAGTGC,ACATTACAATGGAAGTGAtGGC,"[{'AquaS1', 'AgamP3', 'AmelC1', 'AaraD1', 'AgamM1', 'AmerM1', 'AgamS1'}, {'AsteI2', 'AsteS1'}]",12.0,19.0,AmacM1;AsinS1,201,201.0,157.0,157.0,36.0,0.0,35.0,0.0,0.6315789470000001,E049922D;E049922B;E049922A;E049922C,AGAP003997,Yes,No,AGAP003997-RD;AGAP003997-RB;AGAP003997-RA;AGAP003997-RC,None,No,0.8797814209999999,1-182,3:94567528-94567710,1.0,1-201,2R:47730428-47730628,,,,0.872340426,1-187,supercont3.208:403319-403132,"F perfect, R low overlap",No,1.75,intergenic,47730449,47730606
25,281_cons,C3,high freq,CCTTGTGAACACTGTTGAACTT,AgCTGTTYGAATCGAAACCWTC,2R,47760725,47760916,CCTTGTGAACACTGTTGAACTT,AgCTGTT[T/C]GAATCGAAACC[T/A]TC,"[{'AsteI2', 'AsteS1'}]",19.0,20.0,AsinS1,225,191.0,181.0,147.0,41.0,74.0,38.0,74.0,0.95,E049926A;E049927A,AGAP004000,No,Yes,AGAP004000-RA,None,No,0.905660377,3-55,3:94665433-94665485,1.0,1-191,2R:47760726-47760916,,,,,,,No R,No,8.95,intron,47760747,47760894
26,283_var,V7,low freq,CACACAACTTTTATGTTTAATCA,AAAaTAATGGCCACTATTCCC,2R,49059451,49059648,CAC-ACAACTTTTATGTTTAATCA,AAAaTAATGGCCACTATTCCC,"[{'AsteI2', 'AsteS1'}]",20.0,21.0,,278,197.0,234.0,154.0,36.0,163.0,35.0,162.0,0.9523809520000001,None,None,Yes,No,None,None,No,,,,1.0,1-197,2R:49059452-49059648,,,,,,,,,4.25,intergenic,49059474,49059627
27,293_cons,C4,high freq,AAGTGRTCgGACGGTATGTG,ACTCATTCCTTTAARCTAGCgT,2R,55724039,55724248,AAGTG[A/G]TCgGACGGTATGTG,ACTCATTCCTTTAA[G/A]CTAGCgT,"[{'AquaS1', 'AgamP3', 'AmelC1', 'AaraD1', 'AgamM1', 'AgamS1'}, {'AsteI2', 'AsteS1'}]",15.0,21.0,,209,209.0,167.0,167.0,26.0,0.0,22.0,0.0,0.7142857140000001,E051570A,AGAP004405,No,No,AGAP004405-RA,None,No,0.894736842,1-209,1:205931566-205931774,1.0,1-209,2R:55724040-55724248,,,,0.909090909,1-209,supercont3.86:653985-654193,"Cpip 5`F, perfect R, Aaeg 3` both",Some,6.85,exon,55724059,55724226
28,297_other,O15,low freq,aCCATGATGTGCTAATCTGCTT,GcGGTGATTTTATTGATCCC,2R,59335913,59336128,aCCATGATGTGCTAATCTGCTT,GcGGTGATTTTATTGATCCC,"[{'AgamP3', 'AgamS1'}, {'AaraD1', 'AgamM1', 'AquaS1'}, {'AsteI2', 'AsteS1'}]",17.0,21.0,,254,215.0,212.0,173.0,74.0,70.0,72.0,70.0,0.80952381,None,AGAP004648,No,Yes,AGAP004648-RA,None,No,,,,1.0,1-215,2R:59335914-59336128,,,,,,,,,2.15,intron,59335935,59336108
29,298_other,O16,None,TAGAATTACAATCAAGTGGAAGACG,TTATACAGTGGATGGCAGTCG,3L,1628447,1628637,TAGAATTACAATCAAGTGGAAGACG,TTATACAGTGGATGGCAGTCG,"[{'AquaS1', 'AgamP3', 'AmelC1', 'AaraD1', 'AgamM1', 'AgamS1'}, {'AminM1', 'AculA1'}, {'AsteI2', 'AsteS1'}]",14.0,21.0,,190,190.0,144.0,144.0,32.0,0.0,32.0,0.0,0.666666667,E004501A,AGAP010335,No,No,AGAP010335-RA,None,No,0.8736842109999999,1-190,3:346702175-346702364,1.0,1-190,3L:1628448-1628637,,,,0.853403141,1-190,supercont3.406:325324-325513,Perfect,Yes,1.35,exon,1628472,1628616
30,306_other,O17,low freq,ATAAAAGCTTCcTCGACAGCT,TCATGTTTATAACAAATTAGTCAAGCT,3L,3593397,3593599,ATAAAAGCTTCcTCGACAGCT,TCATGTTTATAACAAATTAGTCAAGCT,"[{'AquaS1', 'AgamP3', 'AmelC1', 'AaraD1', 'AgamM1', 'AgamS1'}, {'AsteI2', 'AsteS1'}]",15.0,21.0,,295,202.0,247.0,154.0,45.0,115.0,44.0,115.0,0.7142857140000001,None,None,Yes,No,None,None,No,,,,1.0,1-202,3L:3593398-3593599,,,,,,,,,3.15,intergenic,3593418,3593572
31,337_cons,C5,high freq,GACSTGCATcCTGTACGTG,CACTTGACCTTACTCCAGCC,3L,17232589,17232838,GAC[C/G]TGCATcCTGTACGTG,CACTTGACCTTACTCCAGCC,"[{'AgamP3', 'AgamM1'}, {'AaraD1', 'AgamS1'}]",19.0,21.0,,249,249.0,210.0,210.0,57.0,0.0,55.0,0.0,0.904761905,E007610A,AGAP011116,No,No,AGAP011116-RA,None,No,,,,1.0,1-249,3L:17232590-17232838,0.755186722,1-235,2R:14199933-14199699,0.907630522,1-249,supercont3.284:142360-142112,"Cpip 5`F, Aaeg 3`R",Some,2.05,exon,17232608,17232818
32,345_var,V8,high freq,GTgTTTTGTCGAATCATTTCAcA,CAGCTGATTGTVCTCTGTGAGT,3L,18970545,18970742,GTg--TTTTGTCGAATCATTTCAcA,CAGCTGATTGT[A/G/C]CTCTGTGAGT,[],21.0,21.0,,222,197.0,177.0,154.0,19.0,129.0,17.0,127.0,1.0,E007977A,AGAP011194,No,Yes,AGAP011194-RA,None,No,,,,1.0,1-197,3L:18970546-18970742,,,,,,,,,5.65,intron,18970568,18970720
33,355_other,O18,low freq,ACATTGTTGGTAATTAATGTcCA,GCTGTtTATTTGTGTATGCAAACA,3L,23586121,23586316,ACATTGTTGGTAATTAATGTcCA,GCTGTtTATTTGTGTATGCAAACA,"[{'AaraD1', 'AgamM1'}]",12.0,13.0,AepiE1;AmacM1;AfarF1;AdirW1;AsinS1;AatrE1;AdarC2;AalbS1,262,195.0,215.0,148.0,29.0,144.0,27.0,144.0,0.923076923,None,None,Yes,No,None,None,No,,,,1.0,1-195,3L:23586122-23586316,,,,,,,,,2.95,intergenic,23586144,23586292
34,356_other,O19,None,TCTATCACCATGCACTTCTTGT,AATGTAGATAGGCTAAAACCGC,3L,24430009,24430209,TCTATCACCATGCACTTCTTGT,AATGTAGATAGGCTAAAACCGC,"[{'AquaS1', 'AgamP3', 'AmelC1', 'AgamM1', 'AmerM1', 'AgamS1'}]",16.0,21.0,,200,200.0,156.0,156.0,37.0,0.0,37.0,0.0,0.761904762,E008841A,AGAP011422,No,No,AGAP011422-RA,None,No,,,,1.0,1-200,3L:24430010-24430209,,,,0.835,1-200,supercont3.177:298063-298262,F mid,Yes,1.9,exon,24430031,24430187
35,381_var,V9,high freq,AACCTGTTCAAAGGATTGTTCG,CTCTACaGTCTCSACgTTGAAA,3L,36310102,36310343,AA[C/T]CTGTTCAAAGGATTGTTCG,CTCTACaGTCTC[C/G]ACgTTGAAA,"[{'AgamS1', 'AgamM1'}, {'AsteI2', 'AsteS1'}]",19.0,21.0,,291,241.0,247.0,197.0,36.0,109.0,32.0,109.0,0.904761905,E010931A;E010932A;E010931B;E010932B,AGAP012014,No,Yes,AGAP012014-RA;AGAP012014-RB,None,No,,,,1.0,1-241,3L:36310103-36310343,,,,,,,,,2.95,intron,36310124,36310321
36,382_cons,C6,high freq,ACAAGAGCAAGTAcTGGGAGTa,ATCAGCTCVGTGAACTTCTC,3L,36868188,36868384,ACAAGAGCAAGTAcTGGGAGTa,ATCAGCTC[G/A/C]GTGAACTTCTC,"[{'AaraD1', 'AgamS1'}, {'AsteI2', 'AsteS1'}]",19.0,21.0,,196,196.0,154.0,154.0,32.0,0.0,29.0,0.0,0.904761905,E011069A,AGAP012048,No,No,AGAP012048-RA,None,No,,,,1.0,1-196,3L:36868189-36868384,0.8214285709999999,1-196,X:6359428-6359623,0.923469387755102;0.923469387755102,1-196;1-196,supercont3.2018:13987-14182;supercont3.262:469262-469457,"Cpip perfect both, Dmel 3` sub",Some,4.85,exon,36868210,36868364
37,395_other,O20,low freq,AAAGTTGATGAAAACGCGATGA,TTTGCGCTCTATTTCTGTCGAT,3L,40426312,40426512,AAAGTTGATGAAAACGCGATGA,TTTGCGCTCTATTTCTGTCGAT,"[{'AsteI2', 'AsteS1'}]",14.0,15.0,AfarF1;AdirW1;AsinS1;AatrE1;AdarC2;AalbS1,269,200.0,225.0,156.0,41.0,129.0,41.0,129.0,0.933333333,None,None,Yes,No,None,None,No,,,,1.0,1-200,3L:40426313-40426512,,,,,,,,,2.5,intergenic,40426334,40426490
38,399_other,O21,low freq,AAAAGTTTCAAAATTAATCATTCAG,AGTGCAAGACAGATgGCtGAAA,3L,41196511,41196701,AAAAGTTTCAAAATTAATCATTCAG,AG-TGCAAGACAGATgGCtGAAA,[],17.0,17.0,AsinS1;AatrE1;AdarC2;AalbS1,215,190.0,168.0,144.0,26.0,82.0,24.0,81.0,1.0,None,None,Yes,No,None,None,No,,,,1.0,1-190,3L:41196512-41196701,,,,,,,,,10,intergenic,41196536,41196679
39,413_other,O22,low freq,CAAATGGCGGtCGTTGTT,CCGAGGGTGACACACTTTT,3R,511992,512193,CAAATGGCGGtCGTTGTT,CCGAGGGTGACACACTTTT,"[{'AquaS1', 'AgamP3', 'AmelC1', 'AaraD1', 'AgamM1', 'AgamS1'}, {'AminM1', 'AculA1'}, {'AsteI2', 'AsteS1'}]",13.0,20.0,AmacM1,206,201.0,169.0,164.0,59.0,13.0,58.0,13.0,0.65,None,None,Yes,No,None,None,No,,,,1.0,1-201,3R:511993-512193,,,,,,,,,3.2,intergenic,512010,512174
40,416_var,V10,low freq,AACTgGCACTAGTCATGTACAT,CAATTAATTCCGTTAGCCCGTG,3R,1517585,1517779,AACTgGCACTAGTCATGTACAT,CAATTAATTCCGTTAGCCCGTG,[],21.0,21.0,,284,194.0,240.0,150.0,37.0,169.0,36.0,169.0,1.0,E027585A;E027586A,AGAP007831,No,Yes,AGAP007831-RA,None,No,,,,1.0,1-194,3R:1517586-1517779,,,,,,,,,3.2,intron,1517607,1517757
41,432_cons,C7,None,ACCTGCATTCGTATGTGTTCTA,TTCGAGGTGGGAGATTTTCTTC,3R,4532316,4532529,ACCTGCATTCGTATGTGTTCTA,TTCGAGGTGGGAGATTTTCTTC,"[{'AgamP3', 'AgamM1'}]",20.0,21.0,,320,213.0,276.0,169.0,29.0,153.0,29.0,153.0,0.9523809520000001,E028459A;E028460A,AGAP008028,No,Yes,AGAP008028-RA,None,No,0.981132075,1-106,2:427561377-427561272,1.0,1-213,3R:4532317-4532529,,,,0.945454545,1-110,supercont3.165:318782-318891,"F perf, no R",No,3.15,intron,4532338,4532507
42,433_other,O23,None,AATGCTTCCATTAACTGCCATT,GGTTAAGTTTTAATGTGCGTAACA,3R,4723138,4723328,AATGCTTCCATTAACTGCCATT,GGTTAAGTTTTAATGTGCGTAACA,[],19.0,19.0,AdarC2;AalbS1,258,190.0,212.0,144.0,32.0,139.0,32.0,139.0,1.0,None,None,Yes,No,None,None,No,,,,1.0,1-190,3R:4723139-4723328,,,,,,,,,8.4,intergenic,4723160,4723304
43,435_var,V11,low freq,AGTTCTTTGGAGAGTTCgGAAT,AAGAAAAGAAGTGAGAAAGCGA,3R,5111033,5111228,AGTTCTTTGGAGAGTTCgGAAT,AAGAAAAGAAGTGAGAAAGCGA,"[{'AgamP3', 'AgamM1', 'AquaS1'}]",19.0,21.0,,283,195.0,239.0,151.0,36.0,136.0,35.0,136.0,0.904761905,E028628A;E060594B;E028613B,AGAP008077,No,Yes,AGAP008077-RA;AGAP008077-RB,None,No,0.923076923,1-78,2:355473086-355473163,1.0,1-195,3R:5111034-5111228,,,,,,,No R,No,3.1,intron,5111055,5111206
44,439_other,O24,None,GCGCGTAATCGTTTTATCAAGA,ACAAATCTGATTACGATATGATC,3R,5418089,5418290,GCGCGTAATCGTTTTATCAAGA,ACAAATCTGATTACGATATGATC,"[{'AsteI2', 'AsteS1'}]",18.0,19.0,AmacM1;AdarC2,301,201.0,256.0,156.0,11.0,201.0,11.0,201.0,0.947368421,None,None,Yes,No,None,None,No,,,,1.0,1-201,3R:5418090-5418290,,,,,,,,,10,intergenic,5418111,5418267
45,442_other,O25,low freq,TCAATTTGTCaTCTTTGTTTACCA,ATTGACATCAATCGATCGTTCA,3R,7413635,7413825,TCAATTTGTCaTCTTTGTTTACCA,ATTGACATCAATCGATCGTTCA,"[{'AsteI2', 'AsteS1'}]",18.0,19.0,AmacM1;AdarC2,263,190.0,217.0,144.0,22.0,121.0,21.0,121.0,0.947368421,None,None,Yes,No,None,None,No,0.9722222220000001,1-36,2:441043204-441043238,1.0,1-190,3R:7413636-7413825,,,,,,,No R,No,10,intergenic,7413659,7413803
46,469_other,O26,low freq,TGAAAGCGTGCCCAATTTG,AgTAGCTCATTAAtACAATCGCt,3R,18359258,18359454,TGAAAGCGTGCCCAATTTG,AgTAGCTCATTAAtACAATCGCt,"[{'AgamS1', 'AgamM1'}, {'AsteI2', 'AsteS1'}]",18.0,20.0,AdarC2,285,196.0,243.0,154.0,24.0,173.0,21.0,173.0,0.9,None,None,Yes,No,None,None,No,,,,1.0,1-196,3R:18359259-18359454,,,,,,,,,3.5,intergenic,18359277,18359431
47,473_var,V12,None,TGCTATGGTACCTAAACCTACG,CGATGGGTCAAACGGAATCG,3R,20821297,20821521,TGCTATGGTACCTAAACCTACG,CGATGGGTCAAACGGAATCG,"[{'AsteI2', 'AsteS1'}]",19.0,20.0,AmacM1,276,224.0,234.0,182.0,28.0,111.0,28.0,111.0,0.95,E031903A;E031904A,AGAP008919,No,Yes,AGAP008919-RA,None,No,,,,1.0,1-224,3R:20821298-20821521,,,,,,,,,1.45,intron,20821319,20821501
48,474_other,O27,None,TGAATTATGATTAATGGTGTGCC,CAAGTGGGTGTGACATTCCA,3R,21622590,21622780,TGAATTATGATTAATGGTGTGCC,CAAGTGGGTGTGACATTCCA,"[{'AgamP3', 'AgamS1', 'AgamM1'}]",15.0,17.0,AsinS1;AatrE1;AdarC2;AalbS1,234,190.0,191.0,147.0,27.0,121.0,27.0,121.0,0.882352941,None,AGAP027996,No,Yes,AGAP027996-RA,None,No,,,,1.0,1-190,3R:21622591-21622780,,,,,,,,,1,intron,21622613,21622760
49,485_other,O28,low freq,TtGAAGATTTATTAGAAATGGG,cGAAaGTATCAATCACTGTCAT,3R,24061118,24061318,TtGAAGATTTATTAGAAATGGG,cGAAaGTATCAATCACTGTCAT,"[{'AsteI2', 'AsteS1'}]",19.0,20.0,AdarC2,269,200.0,225.0,156.0,22.0,178.0,19.0,178.0,0.95,None,None,Yes,No,None,None,No,,,,1.0,1-200,3R:24061119-24061318,,,,,,,,,10,intergenic,24061140,24061296
50,495_var,V13,low freq,TTCCTCGCACACTCATGTAAG,TCTCGATGTAGAACTGCACg,3R,26418810,26419004,TTCCTCGCACACTCATGTAAG,TCTCGATGTAGAACTGCACg,"[{'AsteI2', 'AsteS1'}]",20.0,21.0,,298,194.0,257.0,153.0,15.0,199.0,14.0,199.0,0.9523809520000001,E032758A;E032762A,AGAP009126,No,Yes,AGAP009126-RA,None,No,,,,1.0,1-194,3R:26418811-26419004,0.9104477609999999,129-194,2L:443224-443289,,,,No F,No,2.85,intron,26418831,26418984
51,526_other,O29,low freq,tAATTTATTAATTGGcGCAaAGCA,ATGATGAATGGAACCGCACA,3R,42714259,42714464,tAATTTATTAATTGGcGCAaAGCA,ATGATGAATGGAACCGCACA,"[{'AgamS1', 'AgamM1'}, {'AsteI2', 'AsteS1'}]",17.0,19.0,AdarC2;AalbS1,277,205.0,233.0,161.0,47.0,122.0,44.0,122.0,0.894736842,None,None,Yes,No,None,None,No,,,,1.0,1-205,3R:42714260-42714464,,,,,,,,,2.6,intergenic,42714283,42714444
52,531_cons,C8,None,ACATTAGTGCTTTATTACGTGGT,CATTTCTTTGGCACTTTCTGAT,3R,44497305,44497495,ACATTAGTGCTTTATTACGTGGT,CATTTCTTTGGCACTTTCTGAT,"[{'AgamS1', 'AquaS1'}, {'AsteI2', 'AsteS1'}]",19.0,21.0,,263,190.0,218.0,145.0,47.0,93.0,47.0,93.0,0.904761905,E035919A;E035920A,AGAP009860,No,Yes,AGAP009860-RA,None,No,0.794871795,3-190,2:240318888-240319075,1.0,1-190,3R:44497306-44497495,,,,0.78817734,3-190,supercont3.17:316474-316674,Perfect,Yes,1.6,intron,44497328,44497473
53,555_other,O30,low freq,CAGCTCAGCAAGGCCAAC,CaACcTCgAGCTGCAGATC,3R,49478362,49478582,CAGCTCAGCAAGGCCAAC,CaACcTCgAGCTGCAGATC,"[{'AgamP3', 'AmerM1', 'AaraD1', 'AmelC1', 'AgamS1'}, {'AsteI2', 'AsteS1'}]",16.0,21.0,,220,220.0,183.0,183.0,29.0,0.0,26.0,0.0,0.761904762,E037197B;E037197C;E037197D;E037197E;E037197A;E037197F;E037197G;E037197H;E037197I;E037197J;E037197K,AGAP010147,No,No,AGAP010147-RB;AGAP010147-RC;AGAP010147-RD;AGAP010147-RE;AGAP010147-RA;AGAP010147-RF;AGAP010147-RG;AGAP010147-RH;AGAP010147-RI;AGAP010147-RJ;AGAP010147-RK,None,No,,,,1.0,1-220,3R:49478363-49478582,,,,0.922018349,1-218,supercont3.9:327894-328111,Perfect,Yes,10,exon,49478380,49478563
54,567_other,O31,low freq,AATACGCTCGCCTATAGAATGT,AATGCAAATTATGTgcgTCGTA,3R,50125901,50126091,AATACGCTCGCCTATAGAATGT,AATGCAAATTATGTgcgTCGTA,"[{'AgamP3', 'AmelC1', 'AaraD1', 'AgamM1', 'AmerM1', 'AgamS1'}, {'AsteI2', 'AsteS1'}]",13.0,19.0,AdarC2;AalbS1,266,190.0,222.0,146.0,50.0,106.0,47.0,106.0,0.684210526,None,None,Yes,No,None,None,No,,,,1.0,1-190,3R:50125902-50126091,,,,,,,,,2.8,intergenic,50125923,50126069
55,568_other,O32,low freq,GATTTTATTACAaTTTTCCTTATGA,ACCAGAAATTAAAATATGTTAcACTTGA,3R,50147908,50148099,GATTTTATTACAaTTTTCCTTATGA,ACCAGAAATTAAAATATGTTAcACTTGA,"[{'AgamP3', 'AaraD1', 'AmelC1', 'AgamS1', 'AquaS1'}]",15.0,19.0,AdarC2;AalbS1,257,191.0,204.0,138.0,58.0,103.0,56.0,103.0,0.7894736840000001,None,None,Yes,No,None,None,No,,,,1.0,1-191,3R:50147909-50148099,,,,,,,,,7.6,intergenic,50147933,50148071
56,575_X,X0,high freq,aGACTTTCAGGCCATGATMCC,TCAGTGAASGTTGAYTTgGTAA,X,876704,876896,aGA[C/T]TTTCAGGCCATGAT[A/C]CC,TC[A/T/G/C]GTGAA[C/G]GTTGA[C/T]TTgGTAA,"[{'AgamP3', 'AaraD1', 'AmelC1', 'AgamS1'}]",17.0,20.0,AgamM1,253,192.0,210.0,149.0,31.0,122.0,24.0,122.0,0.85,E000286A,AGAP000054,No,No,AGAP000054-RA,None,No,,,,1.0,1-192,X:876705-876896,,,,,,,,,10,exon,876725,876874
57,576_X,X1,high freq,AGGAGATGCAAGTTACTATcGC,CACTATCGTAGCCCAGRTTC,X,961313,961511,AGGA[G/A]ATGCAAGTTACTATcGC,C[A/G]CTATCGTAGCCCAG[G/A]TTC,"[{'AquaS1', 'AgamP3', 'AmelC1', 'AaraD1', 'AgamM1', 'AgamS1'}, {'AsteI2', 'AsteS1'}, {'AdarC2', 'AalbS1'}]",14.0,21.0,,201,198.0,159.0,156.0,37.0,6.0,33.0,6.0,0.666666667,E000315A,AGAP000061,No,No,AGAP000061-RA,None,No,,,,1.0,1-198,X:961314-961511,,,,,,,,,2.9,exon,961335,961491
58,582_X,X2,high freq,GAGGCDCAGGACACgATc,cTCCTGGATCTTCTGCATCTC,X,10000145,10000346,GAGGC[G/A/T]CAGGACACgATc,cTCCTGGATCTTCTGCATCTC,"[{'AgamP3', 'AmelC1', 'AgamS1'}, {'AmerM1', 'AaraD1', 'AquaS1'}, {'AsteI2', 'AsteS1'}]",15.0,20.0,AgamM1,201,201.0,162.0,162.0,30.0,0.0,26.0,0.0,0.75,E002410A;E002410C;E054460B,AGAP000562,No,No,AGAP000562-RA;AGAP000562-RC;AGAP000562-RB,None,No,,,,1.0,1-201,X:10000146-10000346,,,,,,,,,10,exon,10000163,10000325
59,583_other,O33,low freq,TGATAATGAaCGGTGTGAATCG,GTGTCATTTAACTCAATTGTAACTTCA,X,11953329,11953522,TGATAATGAaCGGTGTGAATCG,GTGTCATTTAACTCAATTGTAACTTCA,"[{'AgamP3', 'AgamM1'}, {'AsteI2', 'AsteS1'}]",13.0,15.0,AchrA1;AculA1;AsinS1;AatrE1;AdarC2;AalbS1,248,193.0,199.0,144.0,50.0,125.0,49.0,125.0,0.8666666670000001,None,None,Yes,No,None,None,No,,,,1.0,1-193,X:11953330-11953522,,,,,,,,,2.9,intergenic,11953351,11953495
60,586_other,O34,low freq,AaGACAGCTCCAATCAACA,cAAAGTCATGGCCCATTAATAA,X,18453263,18453484,AaGACAGCTCCAATCAACA,cAAAGTCATGGCCCATTAATAA,"[{'AgamP3', 'AgamM1'}, {'AsteI2', 'AsteS1'}]",10.0,12.0,AchrA1;AfunF1;AmacM1;AfarF1;AdirW1;AsinS1;AatrE1;AdarC2;AalbS1,273,221.0,232.0,180.0,43.0,128.0,42.0,127.0,0.833333333,None,AGAP000962,No,Yes,AGAP000962-RA,None,No,,,,1.0,1-221,X:18453264-18453484,,,,,,,,,8.15,intron,18453282,18453462
61,587_X,X3,high freq,TTtCAGCAGAAACATCCACATG,GTTTCGATGTACTTGGTGGTTT,X,18742155,18742358,TTtCAGCAGAAACATCCACATG,GT[T/C]TCGATGTACTTGGTGGTTT,"[{'AgamP3', 'AgamS1', 'AgamM1'}, {'AaraD1', 'AquaS1'}, {'AminM1', 'AculA1'}, {'AsteI2', 'AsteS1'}]",15.0,20.0,AchrA1,227,203.0,183.0,159.0,41.0,24.0,39.0,24.0,0.75,E003998A,AGAP000974,No,Yes,AGAP000974-RA,None,No,,,,1.0,1-203,X:18742156-18742358,,,,,,,,,3.15,intron,18742177,18742336
P1,Spec1,P1,None,ACCATCCAATTTGATTGG,CTTGAGGCAGTTTGTTCC,3D7_MT,89,315,ACCATCCAATTTGATTGG,CTTGAGGCAGTTTGTTCC,,,,,226,,,,,,,,,,,,,,,,,,,,,,,,,,,,,,Spec1,exon,107,297
P2,Spec2,P2,None,TAGCGTGTATTGTTGCCTTG,CCTTTAATGTAGTTTCCTCACAGC,3D7_MT,1638,1893,TAGCGTGTATTGTTGCCTTG,CCTTTAATGTAGTTTCCTCACAGC,,,,,255,,,,,,,,,,,,,,,,,,,,,,,,,,,,,,Spec2,exon,1658,1869
