,ID,SNP,F,R,chr,start,end,F_deg,R_deg,identical_seq,idenified_lineages,aligned_spp,unaligned_spp,aligned_ampl_length,agam_ampl_length,aligned_insert_length,agam_insert_length,total_snvs,total_indels,insert_snvs,insert_indels,prop_id_lineages,exon,gene,intergenic,intron,mRNA,repeat,utr,AaegL5_identity,AaegL5_q_span,AaegL5_s_span,AgamP3_identity,AgamP3_q_span,AgamP3_s_span,BDGP6_identity,BDGP6_q_span,BDGP6_s_span,CpipJ2_identity,CpipJ2_q_span,CpipJ2_s_span
0,31_var,high freq,TGTSTACGGTCTGAAGAACATc,TTATCCGGCTCCAAGTTAAGG,2L,10356417,10356608,TGT[G/C]TACGGTCTGAAGAACATc,TT[A/G]TCCGGCTCCAAGTTAAGG,"[{'AsteS1', 'AsteI2'}]",20,21,,259,191,216,148,33,139,30,139,0.9523809523809523,E016098A;E016099A,AGAP005134,No,Yes,AGAP005134-RA,None,No,0.9696969696969697,1-66,2:204342881-204342946,1.0,1-191,2L:10356418-10356608,0.9516129032258065,1-62,2R:22800075-22800136,0.9682539682539683,1-63,supercont3.30:1160215-1160153
1,33_other,low freq,GAGCGtGCGGCcAAGATG,ACAgACCGACGTTAATGGC,2L,10357458,10357648,GAGCGtGCGGCcAAGATG,ACAgACCGACGTTAATGGC,"[{'AgamS1', 'AmerM1', 'AmelC1', 'AgamM1', 'AquaS1', 'AaraD1', 'AgamP3'}, {'AsteS1', 'AsteI2'}, {'AfarF1', 'AdirW1'}]",13,21,,190,190,153,153,36,0,33,0,0.6190476190476191,E016100A,AGAP005134,No,No,AGAP005134-RA,None,No,0.8947368421052632,1-190,2:204349481-204349670,1.0,1-190,2L:10357459-10357648,,,,0.9263157894736842,1-190,supercont3.30:1159280-1159091
2,44_other,low freq,CAGTCAAATTTCCAGACAATCT,CGGAAGTGCATTTGAAGG-AAaA,2L,12084495,12084690,CAGTCAAATTTCCAGACAATCT,CGGAAGTGCATTTGAAGG-AAaA,"[{'AgamS1', 'AgamM1', 'AgamP3'}]",14,16,AchrA1;AsinS1;AatrE1;AdarC2;AalbS1,234,195,190,152,42,81,41,80,0.875,None,None,Yes,No,None,None,No,,,,1.0,1-195,2L:12084496-12084690,,,,,,
3,47_other,low freq,GaTATAAATTGTCGATCACACAAACT,TGCATTTATCGTAGTACAATCTCA,2L,13862864,13863055,GaTATAAATTGTCGATCACACAAACT,TGCATTTATCGTAGTACAATCTCA,"[{'AgamS1', 'AmerM1', 'AmelC1', 'AgamM1', 'AquaS1', 'AaraD1', 'AgamP3'}, {'AfunF1', 'AminM1'}, {'AsteS1', 'AsteI2'}]",13,21,,255,191,205,141,12,107,11,107,0.6190476190476191,None,None,Yes,No,None,None,No,,,,1.0,1-191,2L:13862865-13863055,,,,,,
4,58_cons,high freq,ATGcTBGTCATgATGATGATCT,CCGATCCACGATAAGGAGTAC,2L,18693481,18693714,ATGcT[C/G/T]GTCATgATGATGATCT,CCGATCCACGATAAGGAGTAC,"[{'AgamS1', 'AmerM1', 'AgamM1', 'AquaS1', 'AaraD1', 'AgamP3'}, {'AsteS1', 'AsteI2'}]",15,21,,270,233,227,190,32,74,29,74,0.7142857142857143,E018545A,AGAP005681,No,No,AGAP005681-RA,None,No,0.8461538461538461,1-233,2:74623848-74623616,1.0,1-233,2L:18693482-18693714,,,,0.8340425531914893,1-233,supercont3.137:804142-804374
5,59_other,low freq,GCTGGCGCATAATTATCaCAAA,tTTCCACTTCATCGCTCGC,2L,19065171,19065363,GCTGGCGCATAATTATCaCAAA,tTTCCACTTCATCGCTCGC,"[{'AsteS1', 'AsteI2'}]",15,16,AfarF1;AsinS1;AatrE1;AdarC2;AalbS1,269,192,228,151,43,135,41,135,0.9375,None,None,Yes,No,None,None,No,,,,1.0,1-192,2L:19065172-19065363,,,,,,
6,65_other,None,GCAAAATTTCCGTCCCATTA,TGTAATTAGCTGTGTCTTGTG,2L,20840388,20840620,GCAAAATTTCCGTCCCATTA,TGTAATTAGCTGTGTCTTGTG,[],15,15,AfarF1;AdirW1;AsinS1;AatrE1;AdarC2;AalbS1,263,232,222,191,30,124,30,124,1.0,None,None,Yes,No,None,None,No,,,,1.0,1-232,2L:20840389-20840620,,,,,,
7,77_var,high freq,GTcTCgGAGCACATYGTG,TCGTACTTCATTATTCTTTGGACTG,2L,26760700,26760890,GTcTCgGAGCACAT[C/T]GTG,TCGTACTTCATTATTCTTTGGACTG,"[{'AgamM1', 'AgamP3'}]",20,21,,328,190,285,147,46,157,43,157,0.9523809523809523,E020405C;E020406C;E020405B;E020406B;E020405A;E020406A,AGAP006107,No,Yes,AGAP006107-RC;AGAP006107-RB;AGAP006107-RA,None,No,0.9518072289156626,1-83,2:205452944-205453026,1.0,1-190,2L:26760701-26760890,,,,,,
8,83_var,high freq,AGTGRCTCCAGACGGTgTT,CCAAGGATTTGCTACTACCAcT,2L,27674646,27674836,AGTG[A/G]CTCCAGACGGTgTT,CC[A/G/T]AGGATTTGCTACTACCAcT,"[{'AsteS1', 'AsteI2'}]",20,21,,307,190,266,149,31,178,27,178,0.9523809523809523,E020688A;E020689A;E020688B;E020689B,AGAP006176,No,Yes,AGAP006176-RA;AGAP006176-RB,None,No,,,,1.0,1-190,2L:27674647-27674836,,,,,,
9,112_cons,high freq,GTATGTAGCGDGGTCCATTG,GTGCTATCGTTAAGAGGTCGTA,2L,40854755,40854948,G[T/A]ATGTAGCG[G/A/T]GGTCCATTG,GTGCTATCGTTAAGAGGTCGTA,"[{'AquaS1', 'AgamS1', 'AgamP3'}, {'AgamM1', 'AaraD1'}, {'AculA1', 'AminM1'}, {'AsteS1', 'AsteI2'}]",15,20,AdarC2,199,193,157,151,35,6,33,6,0.75,E023980A,AGAP007008,No,No,AGAP007008-RA,None,No,,,,1.0,1-193,2L:40854756-40854948,,,,,,
10,126_var,low freq,TTCAGGAGCTCACCAAATCG,TCCTTCACCTGTTGTACTGTAT,2L,45852869,45853061,TTCAGGAGCTCACCAAATCG,TCCTTCACCTGTTGTACTGTAT,"[{'AsteS1', 'AsteI2'}]",19,20,AmacM1,277,192,235,150,9,155,9,155,0.95,E025379B;E025380B;E025379A;E025380A,AGAP007340,No,Yes,AGAP007340-RB;AGAP007340-RA,None,No,,,,1.0,1-192,2L:45852870-45853061,,,,,,
11,128_var,high freq,ATTTCATtGCCTGTGCCATATC,CAAAATGTCTACCGTCGACAAG,2L,48612516,48612730,ATTTCATtGCCTGTGCCATATC,CAA[A/C]ATGTCTACCGTCGACAAG,"[{'AsteS1', 'AsteI2'}]",20,21,,257,214,213,170,23,144,21,144,0.9523809523809523,E026619C;E026620C;E026619D;E026620D;E026619A;E026620A;E026619B;E026620B,AGAP007643,No,Yes,AGAP007643-RC;AGAP007643-RD;AGAP007643-RA;AGAP007643-RB,None,Yes,,,,1.0,1-214,2L:48612517-48612730,,,,,,
12,140_other,None,GTGAATTAGATTTTAATGAAGTAA,AGTGGGCAGATTTAATTTTAGATCT,2R,2224230,2224446,GTGAATTAGATTTTAATGAAGTAA,AGTGGGCAGATTTAATTTTAGATCT,"[{'AsteS1', 'AsteI2'}]",14,15,AgamM1;AmacM1;AsinS1;AatrE1;AdarC2;AalbS1,281,216,232,167,39,151,39,151,0.9333333333333333,None,None,Yes,No,None,None,No,,,,1.0,1-216,2R:2224231-2224446,,,,,,
13,159_other,low freq,GACATTTTAATTGATtTACTGTGTCTC,CCATCCATTTCAATCAACGTCA,2R,4958251,4958444,GACATTTTAATTGATtTACTGTGTCTC,CCATCCATTTCAATCAACGTCA,"[{'AquaS1', 'AgamM1', 'AgamP3'}, {'AsteS1', 'AsteI2'}]",12,15,AfarF1;AdirW1;AsinS1;AatrE1;AdarC2;AalbS1,263,193,214,144,39,115,38,115,0.8,None,AGAP001435,No,Yes,AGAP001435-RA,None,No,,,,1.0,1-193,2R:4958252-4958444,,,,,,
14,167_other,low freq,TCCAGCTCcTCGATGCTC,AAGCAGCAGAACAAcGAgAT,2R,5647242,5647439,TCCAGCTCcTCGATGCTC,AAGCAGCAGAACAAcGAgAT,"[{'AgamS1', 'AmerM1', 'AmelC1', 'AgamM1', 'AquaS1', 'AaraD1', 'AgamP3'}]",15,21,,197,197,159,159,35,0,32,0,0.7142857142857143,E039590C;E039590B;E039590A,AGAP001497,No,No,AGAP001497-RC;AGAP001497-RB;AGAP001497-RA,None,No,,,,1.0,1-197,2R:5647243-5647439,,,,,,
15,182_other,low freq,GCGTACTACGACATCCGg,TAGATGCCCTGCTTGTAGTT,2R,10783523,10783720,GCGTACTACGACATCCGg,TAGATGCCCTGCTTGTAGTT,"[{'AgamS1', 'AmerM1', 'AgamM1', 'AquaS1', 'AaraD1', 'AgamP3'}, {'AsteS1', 'AsteI2'}]",14,20,AmacM1,197,197,159,159,33,0,32,0,0.7,E041067A,AGAP001806,No,No,AGAP001806-RA,None,No,0.8477157360406091,1-197,3:83794351-83794547,1.0,1-197,2R:10783524-10783720,0.8791946308724832,49-197,X:1076849-1076701,0.8883248730964467,1-197,supercont3.336:163607-163411
16,193_var,None,GCCATGACGATATCTACAATGC,GCGAACGCTGATTCTAATTTTG,2R,16469698,16469932,GCCATGACGATATCTACAATGC,GCGAACGCTGATTCTAATTTTG,"[{'AsteS1', 'AsteI2'}]",18,19,AmacM1;AsinS1,367,234,323,190,38,175,38,175,0.9473684210526315,E042394A;E042395A;E042394B;E042395B,AGAP002150,No,Yes,AGAP002150-RA;AGAP002150-RB,None,No,,,,1.0,1-234,2R:16469699-16469932,,,,,,
17,205_cons,low freq,AGACACAAGGCCTTGAAGAAG,ACAGCTTCTTCTTGTCaTCGTA,2R,20528061,20528296,AGACACAAGGCCTTGAAGAAG,ACAGCTTCTTCTTGTCaTCGTA,"[{'AsteS1', 'AsteI2'}]",20,21,,340,235,297,192,50,160,49,160,0.9523809523809523,E043230B;E043231B;E043230A;E043231A;E043230E;E043231E;E043230C;E043231C;E043230D;E043231D,AGAP002350,No,Yes,AGAP002350-RB;AGAP002350-RA;AGAP002350-RE;AGAP002350-RC;AGAP002350-RD,None,No,,,,1.0,1-235,2R:20528062-20528296,,,,0.9620253164556962,157-235,supercont3.252:467430-467508
18,220_var,high freq,gGTCGTAACCAARTGTCCAAAG,GAGTGCACTGAAAACCTATGTG,2R,26654565,26654757,gGT[C/T]GTAACCAA[A/G]TGTCCAAAG,GAGTGCACTGAAAACCTATGTG,"[{'AsteS1', 'AsteI2'}]",20,21,,290,192,246,148,42,145,39,145,0.9523809523809523,E044960A;E044962A,AGAP002748,No,Yes,AGAP002748-RA,None,No,,,,1.0,1-192,2R:26654566-26654757,,,,,,
19,245_other,None,CGCAATTGTCACAAATCTGTAT,GCAGTTTACGGCTTTTCTCC,2R,29549959,29550182,---CGCAATTGTCACAAATCTGTAT,GCAGTTTACGGCTTTTCTCC,"[{'AquaS1', 'AgamP3'}]",19,20,AmacM1,325,223,283,184,28,168,28,165,0.95,None,None,Yes,No,None,None,No,,,,1.0,1-223,2R:29549960-29550182,,,,,,
20,249_other,low freq,GTAGGCCCATCGCACCGG,GATCGAgAGCTACATCGAGAAG,2R,34751983,34752216,GTAGGCCCATCGCACCGG,GATCGAgAGCTACATCGAGAAG,"[{'AgamS1', 'AmerM1', 'AmelC1', 'AgamM1', 'AquaS1', 'AaraD1', 'AgamP3'}, {'AsteS1', 'AsteI2'}]",14,21,,233,233,193,193,38,0,37,0,0.6666666666666666,E047098A,AGAP003271,No,No,AGAP003271-RA,None,No,,,,1.0,1-233,2R:34751984-34752216,,,,,,
21,252_other,low freq,GCTCGTACTCGGccAGTAT,TCGATCGTATCCTGAAACTGTT,2R,34758848,34759073,GCTCGTACTCGGccAGTAT,TCGATCGTATCCTGAAACTGTT,"[{'AmelC1', 'AgamM1', 'AquaS1', 'AaraD1', 'AgamP3'}, {'AsteS1', 'AsteI2'}]",16,21,,225,225,184,184,28,0,26,0,0.7619047619047619,E047092A,AGAP003271,No,No,AGAP003271-RA,None,No,,,,1.0,1-225,2R:34758849-34759073,,,,,,
22,253_other,low freq,TAAAATGATTGCACACCTGcTCGC,AATCGcGTcGGACTTGTG,2R,34760228,34760418,TAAAATGATTGCACACCTGcTCGC,AATCGcGTcGGACTTGTG,"[{'AgamS1', 'AmerM1', 'AmelC1', 'AgamM1', 'AquaS1', 'AaraD1'}, {'AsteS1', 'AsteI2'}]",15,21,,190,190,148,148,20,0,17,0,0.7142857142857143,E047092A,AGAP003271,No,No,AGAP003271-RA,None,No,0.8716577540106952,1-187,3:122466459-122466273,1.0,1-190,2R:34760229-34760418,,,,0.8457142857142858,1-175,supercont3.138:365006-365180
23,269_other,None,AATGATTCGGATGATTTGCTTC,CCGTCATTATTTCCCAATCAAA,2R,41685377,41685580,AATGATTCGGATGATTTGCTTC,CCGTCATTATTTCCCAATCAAA,"[{'AgamS1', 'AgamP3'}, {'AsteS1', 'AsteI2'}]",19,21,,254,203,210,159,26,147,26,147,0.9047619047619048,None,None,Yes,No,None,None,No,,,,1.0,1-203,2R:41685378-41685580,,,,,,
24,280_other,low freq,CAGAAATGACTAGAAGCAGTGC,ACATTACAATGGAAGTGAtGGC,2R,47730427,47730628,CAGAAATGACTAGAAGCAGTGC,ACATTACAATGGAAGTGAtGGC,"[{'AgamS1', 'AmerM1', 'AmelC1', 'AgamM1', 'AquaS1', 'AaraD1', 'AgamP3'}, {'AsteS1', 'AsteI2'}]",12,19,AmacM1;AsinS1,201,201,157,157,36,0,35,0,0.631578947368421,E049922D;E049922B;E049922A;E049922C,AGAP003997,Yes,No,AGAP003997-RD;AGAP003997-RB;AGAP003997-RA;AGAP003997-RC,None,No,0.8797814207650273,1-182,3:94567528-94567710,1.0,1-201,2R:47730428-47730628,,,,0.8723404255319149,1-187,supercont3.208:403319-403132
25,281_cons,high freq,CCTTGTGAACACTGTTGAACTT,AgCTGTTYGAATCGAAACCWTC,2R,47760725,47760916,CCTTGTGAACACTGTTGAACTT,AgCTGTT[T/C]GAATCGAAACC[T/A]TC,"[{'AsteS1', 'AsteI2'}]",19,20,AsinS1,225,191,181,147,41,74,38,74,0.95,E049926A;E049927A,AGAP004000,No,Yes,AGAP004000-RA,None,No,0.9056603773584906,3-55,3:94665433-94665485,1.0,1-191,2R:47760726-47760916,,,,,,
26,283_var,low freq,CACACAACTTTTATGTTTAATCA,AAAaTAATGGCCACTATTCCC,2R,49059451,49059648,CAC-ACAACTTTTATGTTTAATCA,AAAaTAATGGCCACTATTCCC,"[{'AsteS1', 'AsteI2'}]",20,21,,278,197,234,154,36,163,35,162,0.9523809523809523,None,None,Yes,No,None,None,No,,,,1.0,1-197,2R:49059452-49059648,,,,,,
27,293_cons,high freq,AAGTGRTCgGACGGTATGTG,ACTCATTCCTTTAARCTAGCgT,2R,55724039,55724248,AAGTG[A/G]TCgGACGGTATGTG,ACTCATTCCTTTAA[G/A]CTAGCgT,"[{'AgamS1', 'AmelC1', 'AgamM1', 'AquaS1', 'AaraD1', 'AgamP3'}, {'AsteS1', 'AsteI2'}]",15,21,,209,209,167,167,26,0,22,0,0.7142857142857143,E051570A,AGAP004405,No,No,AGAP004405-RA,None,No,0.8947368421052632,1-209,1:205931566-205931774,1.0,1-209,2R:55724040-55724248,,,,0.9090909090909091,1-209,supercont3.86:653985-654193
28,297_other,low freq,aCCATGATGTGCTAATCTGCTT,GcGGTGATTTTATTGATCCC,2R,59335913,59336128,aCCATGATGTGCTAATCTGCTT,GcGGTGATTTTATTGATCCC,"[{'AgamS1', 'AgamP3'}, {'AquaS1', 'AgamM1', 'AaraD1'}, {'AsteS1', 'AsteI2'}]",17,21,,254,215,212,173,74,70,72,70,0.8095238095238095,None,AGAP004648,No,Yes,AGAP004648-RA,None,No,,,,1.0,1-215,2R:59335914-59336128,,,,,,
29,298_other,None,TAGAATTACAATCAAGTGGAAGACG,TTATACAGTGGATGGCAGTCG,3L,1628447,1628637,TAGAATTACAATCAAGTGGAAGACG,TTATACAGTGGATGGCAGTCG,"[{'AgamS1', 'AmelC1', 'AgamM1', 'AquaS1', 'AaraD1', 'AgamP3'}, {'AculA1', 'AminM1'}, {'AsteS1', 'AsteI2'}]",14,21,,190,190,144,144,32,0,32,0,0.6666666666666666,E004501A,AGAP010335,No,No,AGAP010335-RA,None,No,0.8736842105263158,1-190,3:346702175-346702364,1.0,1-190,3L:1628448-1628637,,,,0.8534031413612565,1-190,supercont3.406:325324-325513
30,306_other,low freq,ATAAAAGCTTCcTCGACAGCT,TCATGTTTATAACAAATTAGTCAAGCT,3L,3593397,3593599,ATAAAAGCTTCcTCGACAGCT,TCATGTTTATAACAAATTAGTCAAGCT,"[{'AgamS1', 'AmelC1', 'AgamM1', 'AquaS1', 'AaraD1', 'AgamP3'}, {'AsteS1', 'AsteI2'}]",15,21,,295,202,247,154,45,115,44,115,0.7142857142857143,None,None,Yes,No,None,None,No,,,,1.0,1-202,3L:3593398-3593599,,,,,,
31,337_cons,high freq,GACSTGCATcCTGTACGTG,CACTTGACCTTACTCCAGCC,3L,17232589,17232838,GAC[C/G]TGCATcCTGTACGTG,CACTTGACCTTACTCCAGCC,"[{'AgamM1', 'AgamP3'}, {'AgamS1', 'AaraD1'}]",19,21,,249,249,210,210,57,0,55,0,0.9047619047619048,E007610A,AGAP011116,No,No,AGAP011116-RA,None,No,,,,1.0,1-249,3L:17232590-17232838,0.7551867219917012,1-235,2R:14199933-14199699,0.9076305220883534,1-249,supercont3.284:142360-142112
32,345_var,high freq,GTgTTTTGTCGAATCATTTCAcA,CAGCTGATTGTVCTCTGTGAGT,3L,18970545,18970742,GTg--TTTTGTCGAATCATTTCAcA,CAGCTGATTGT[A/C/G]CTCTGTGAGT,[],21,21,,222,197,177,154,19,129,17,127,1.0,E007977A,AGAP011194,No,Yes,AGAP011194-RA,None,No,,,,1.0,1-197,3L:18970546-18970742,,,,,,
33,355_other,low freq,ACATTGTTGGTAATTAATGTcCA,GCTGTtTATTTGTGTATGCAAACA,3L,23586121,23586316,ACATTGTTGGTAATTAATGTcCA,GCTGTtTATTTGTGTATGCAAACA,"[{'AgamM1', 'AaraD1'}]",12,13,AepiE1;AmacM1;AfarF1;AdirW1;AsinS1;AatrE1;AdarC2;AalbS1,262,195,215,148,29,144,27,144,0.9230769230769231,None,None,Yes,No,None,None,No,,,,1.0,1-195,3L:23586122-23586316,,,,,,
34,356_other,None,TCTATCACCATGCACTTCTTGT,AATGTAGATAGGCTAAAACCGC,3L,24430009,24430209,TCTATCACCATGCACTTCTTGT,AATGTAGATAGGCTAAAACCGC,"[{'AgamS1', 'AmerM1', 'AmelC1', 'AgamM1', 'AquaS1', 'AgamP3'}]",16,21,,200,200,156,156,37,0,37,0,0.7619047619047619,E008841A,AGAP011422,No,No,AGAP011422-RA,None,No,,,,1.0,1-200,3L:24430010-24430209,,,,0.835,1-200,supercont3.177:298063-298262
35,381_var,high freq,AACCTGTTCAAAGGATTGTTCG,CTCTACaGTCTCSACgTTGAAA,3L,36310102,36310343,AA[C/T]CTGTTCAAAGGATTGTTCG,CTCTACaGTCTC[C/G]ACgTTGAAA,"[{'AgamS1', 'AgamM1'}, {'AsteS1', 'AsteI2'}]",19,21,,291,241,247,197,36,109,32,109,0.9047619047619048,E010931A;E010932A;E010931B;E010932B,AGAP012014,No,Yes,AGAP012014-RA;AGAP012014-RB,None,No,,,,1.0,1-241,3L:36310103-36310343,,,,,,
36,382_cons,high freq,ACAAGAGCAAGTAcTGGGAGTa,ATCAGCTCVGTGAACTTCTC,3L,36868188,36868384,ACAAGAGCAAGTAcTGGGAGTa,ATCAGCTC[G/C/A]GTGAACTTCTC,"[{'AgamS1', 'AaraD1'}, {'AsteS1', 'AsteI2'}]",19,21,,196,196,154,154,32,0,29,0,0.9047619047619048,E011069A,AGAP012048,No,No,AGAP012048-RA,None,No,,,,1.0,1-196,3L:36868189-36868384,0.8214285714285714,1-196,X:6359428-6359623,0.923469387755102;0.923469387755102,1-196;1-196,supercont3.2018:13987-14182;supercont3.262:469262-469457
37,395_other,low freq,AAAGTTGATGAAAACGCGATGA,TTTGCGCTCTATTTCTGTCGAT,3L,40426312,40426512,AAAGTTGATGAAAACGCGATGA,TTTGCGCTCTATTTCTGTCGAT,"[{'AsteS1', 'AsteI2'}]",14,15,AfarF1;AdirW1;AsinS1;AatrE1;AdarC2;AalbS1,269,200,225,156,41,129,41,129,0.9333333333333333,None,None,Yes,No,None,None,No,,,,1.0,1-200,3L:40426313-40426512,,,,,,
38,399_other,low freq,AAAAGTTTCAAAATTAATCATTCAG,AGTGCAAGACAGATgGCtGAAA,3L,41196511,41196701,AAAAGTTTCAAAATTAATCATTCAG,AG-TGCAAGACAGATgGCtGAAA,[],17,17,AsinS1;AatrE1;AdarC2;AalbS1,215,190,168,144,26,82,24,81,1.0,None,None,Yes,No,None,None,No,,,,1.0,1-190,3L:41196512-41196701,,,,,,
39,413_other,low freq,CAAATGGCGGtCGTTGTT,CCGAGGGTGACACACTTTT,3R,511992,512193,CAAATGGCGGtCGTTGTT,CCGAGGGTGACACACTTTT,"[{'AgamS1', 'AmelC1', 'AgamM1', 'AquaS1', 'AaraD1', 'AgamP3'}, {'AculA1', 'AminM1'}, {'AsteS1', 'AsteI2'}]",13,20,AmacM1,206,201,169,164,59,13,58,13,0.65,None,None,Yes,No,None,None,No,,,,1.0,1-201,3R:511993-512193,,,,,,
40,416_var,low freq,AACTgGCACTAGTCATGTACAT,CAATTAATTCCGTTAGCCCGTG,3R,1517585,1517779,AACTgGCACTAGTCATGTACAT,CAATTAATTCCGTTAGCCCGTG,[],21,21,,284,194,240,150,37,169,36,169,1.0,E027585A;E027586A,AGAP007831,No,Yes,AGAP007831-RA,None,No,,,,1.0,1-194,3R:1517586-1517779,,,,,,
41,432_cons,None,ACCTGCATTCGTATGTGTTCTA,TTCGAGGTGGGAGATTTTCTTC,3R,4532316,4532529,ACCTGCATTCGTATGTGTTCTA,TTCGAGGTGGGAGATTTTCTTC,"[{'AgamM1', 'AgamP3'}]",20,21,,320,213,276,169,29,153,29,153,0.9523809523809523,E028459A;E028460A,AGAP008028,No,Yes,AGAP008028-RA,None,No,0.9811320754716981,1-106,2:427561377-427561272,1.0,1-213,3R:4532317-4532529,,,,0.9454545454545454,1-110,supercont3.165:318782-318891
42,433_other,None,AATGCTTCCATTAACTGCCATT,GGTTAAGTTTTAATGTGCGTAACA,3R,4723138,4723328,AATGCTTCCATTAACTGCCATT,GGTTAAGTTTTAATGTGCGTAACA,[],19,19,AdarC2;AalbS1,258,190,212,144,32,139,32,139,1.0,None,None,Yes,No,None,None,No,,,,1.0,1-190,3R:4723139-4723328,,,,,,
43,435_var,low freq,AGTTCTTTGGAGAGTTCgGAAT,AAGAAAAGAAGTGAGAAAGCGA,3R,5111033,5111228,AGTTCTTTGGAGAGTTCgGAAT,AAGAAAAGAAGTGAGAAAGCGA,"[{'AquaS1', 'AgamM1', 'AgamP3'}]",19,21,,283,195,239,151,36,136,35,136,0.9047619047619048,E028628A;E060594B;E028613B,AGAP008077,No,Yes,AGAP008077-RA;AGAP008077-RB,None,No,0.9230769230769231,1-78,2:355473086-355473163,1.0,1-195,3R:5111034-5111228,,,,,,
44,439_other,None,GCGCGTAATCGTTTTATCAAGA,ACAAATCTGATTACGATATGATC,3R,5418089,5418290,GCGCGTAATCGTTTTATCAAGA,ACAAATCTGATTACGATATGATC,"[{'AsteS1', 'AsteI2'}]",18,19,AmacM1;AdarC2,301,201,256,156,11,201,11,201,0.9473684210526315,None,None,Yes,No,None,None,No,,,,1.0,1-201,3R:5418090-5418290,,,,,,
45,442_other,low freq,TCAATTTGTCaTCTTTGTTTACCA,ATTGACATCAATCGATCGTTCA,3R,7413635,7413825,TCAATTTGTCaTCTTTGTTTACCA,ATTGACATCAATCGATCGTTCA,"[{'AsteS1', 'AsteI2'}]",18,19,AmacM1;AdarC2,263,190,217,144,22,121,21,121,0.9473684210526315,None,None,Yes,No,None,None,No,0.9722222222222222,1-36,2:441043204-441043238,1.0,1-190,3R:7413636-7413825,,,,,,
46,469_other,low freq,TGAAAGCGTGCCCAATTTG,AgTAGCTCATTAAtACAATCGCt,3R,18359258,18359454,TGAAAGCGTGCCCAATTTG,AgTAGCTCATTAAtACAATCGCt,"[{'AgamS1', 'AgamM1'}, {'AsteS1', 'AsteI2'}]",18,20,AdarC2,285,196,243,154,24,173,21,173,0.9,None,None,Yes,No,None,None,No,,,,1.0,1-196,3R:18359259-18359454,,,,,,
47,473_var,None,TGCTATGGTACCTAAACCTACG,CGATGGGTCAAACGGAATCG,3R,20821297,20821521,TGCTATGGTACCTAAACCTACG,CGATGGGTCAAACGGAATCG,"[{'AsteS1', 'AsteI2'}]",19,20,AmacM1,276,224,234,182,28,111,28,111,0.95,E031903A;E031904A,AGAP008919,No,Yes,AGAP008919-RA,None,No,,,,1.0,1-224,3R:20821298-20821521,,,,,,
48,474_other,None,TGAATTATGATTAATGGTGTGCC,CAAGTGGGTGTGACATTCCA,3R,21622590,21622780,TGAATTATGATTAATGGTGTGCC,CAAGTGGGTGTGACATTCCA,"[{'AgamS1', 'AgamM1', 'AgamP3'}]",15,17,AsinS1;AatrE1;AdarC2;AalbS1,234,190,191,147,27,121,27,121,0.8823529411764706,None,AGAP027996,No,Yes,AGAP027996-RA,None,No,,,,1.0,1-190,3R:21622591-21622780,,,,,,
49,485_other,low freq,TtGAAGATTTATTAGAAATGGG,cGAAaGTATCAATCACTGTCAT,3R,24061118,24061318,TtGAAGATTTATTAGAAATGGG,cGAAaGTATCAATCACTGTCAT,"[{'AsteS1', 'AsteI2'}]",19,20,AdarC2,269,200,225,156,22,178,19,178,0.95,None,None,Yes,No,None,None,No,,,,1.0,1-200,3R:24061119-24061318,,,,,,
50,495_var,low freq,TTCCTCGCACACTCATGTAAG,TCTCGATGTAGAACTGCACg,3R,26418810,26419004,TTCCTCGCACACTCATGTAAG,TCTCGATGTAGAACTGCACg,"[{'AsteS1', 'AsteI2'}]",20,21,,298,194,257,153,15,199,14,199,0.9523809523809523,E032758A;E032762A,AGAP009126,No,Yes,AGAP009126-RA,None,No,,,,1.0,1-194,3R:26418811-26419004,0.9104477611940298,129-194,2L:443224-443289,,,
51,526_other,low freq,tAATTTATTAATTGGcGCAaAGCA,ATGATGAATGGAACCGCACA,3R,42714259,42714464,tAATTTATTAATTGGcGCAaAGCA,ATGATGAATGGAACCGCACA,"[{'AgamS1', 'AgamM1'}, {'AsteS1', 'AsteI2'}]",17,19,AdarC2;AalbS1,277,205,233,161,47,122,44,122,0.8947368421052632,None,None,Yes,No,None,None,No,,,,1.0,1-205,3R:42714260-42714464,,,,,,
52,531_cons,None,ACATTAGTGCTTTATTACGTGGT,CATTTCTTTGGCACTTTCTGAT,3R,44497305,44497495,ACATTAGTGCTTTATTACGTGGT,CATTTCTTTGGCACTTTCTGAT,"[{'AquaS1', 'AgamS1'}, {'AsteS1', 'AsteI2'}]",19,21,,263,190,218,145,47,93,47,93,0.9047619047619048,E035919A;E035920A,AGAP009860,No,Yes,AGAP009860-RA,None,No,0.7948717948717948,3-190,2:240318888-240319075,1.0,1-190,3R:44497306-44497495,,,,0.7881773399014779,3-190,supercont3.17:316474-316674
53,555_other,low freq,CAGCTCAGCAAGGCCAAC,CaACcTCgAGCTGCAGATC,3R,49478362,49478582,CAGCTCAGCAAGGCCAAC,CaACcTCgAGCTGCAGATC,"[{'AgamS1', 'AmerM1', 'AmelC1', 'AaraD1', 'AgamP3'}, {'AsteS1', 'AsteI2'}]",16,21,,220,220,183,183,29,0,26,0,0.7619047619047619,E037197B;E037197C;E037197D;E037197E;E037197A;E037197F;E037197G;E037197H;E037197I;E037197J;E037197K,AGAP010147,No,No,AGAP010147-RB;AGAP010147-RC;AGAP010147-RD;AGAP010147-RE;AGAP010147-RA;AGAP010147-RF;AGAP010147-RG;AGAP010147-RH;AGAP010147-RI;AGAP010147-RJ;AGAP010147-RK,None,No,,,,1.0,1-220,3R:49478363-49478582,,,,0.9220183486238532,1-218,supercont3.9:327894-328111
54,567_other,low freq,AATACGCTCGCCTATAGAATGT,AATGCAAATTATGTgcgTCGTA,3R,50125901,50126091,AATACGCTCGCCTATAGAATGT,AATGCAAATTATGTgcgTCGTA,"[{'AgamS1', 'AmerM1', 'AmelC1', 'AgamM1', 'AaraD1', 'AgamP3'}, {'AsteS1', 'AsteI2'}]",13,19,AdarC2;AalbS1,266,190,222,146,50,106,47,106,0.6842105263157895,None,None,Yes,No,None,None,No,,,,1.0,1-190,3R:50125902-50126091,,,,,,
55,568_other,low freq,GATTTTATTACAaTTTTCCTTATGA,ACCAGAAATTAAAATATGTTAcACTTGA,3R,50147908,50148099,GATTTTATTACAaTTTTCCTTATGA,ACCAGAAATTAAAATATGTTAcACTTGA,"[{'AgamS1', 'AmelC1', 'AquaS1', 'AaraD1', 'AgamP3'}]",15,19,AdarC2;AalbS1,257,191,204,138,58,103,56,103,0.7894736842105263,None,None,Yes,No,None,None,No,,,,1.0,1-191,3R:50147909-50148099,,,,,,
56,575_X,high freq,aGACTTTCAGGCCATGATMCC,TCAGTGAASGTTGAYTTgGTAA,X,876704,876896,aGA[C/T]TTTCAGGCCATGAT[A/C]CC,TC[A/C/G/T]GTGAA[C/G]GTTGA[C/T]TTgGTAA,"[{'AgamS1', 'AaraD1', 'AgamP3', 'AmelC1'}]",17,20,AgamM1,253,192,210,149,31,122,24,122,0.85,E000286A,AGAP000054,No,No,AGAP000054-RA,None,No,,,,1.0,1-192,X:876705-876896,,,,,,
57,576_X,high freq,AGGAGATGCAAGTTACTATcGC,CACTATCGTAGCCCAGRTTC,X,961313,961511,AGGA[G/A]ATGCAAGTTACTATcGC,C[A/G]CTATCGTAGCCCAG[G/A]TTC,"[{'AgamS1', 'AmelC1', 'AgamM1', 'AquaS1', 'AaraD1', 'AgamP3'}, {'AsteS1', 'AsteI2'}, {'AalbS1', 'AdarC2'}]",14,21,,201,198,159,156,37,6,33,6,0.6666666666666666,E000315A,AGAP000061,No,No,AGAP000061-RA,None,No,,,,1.0,1-198,X:961314-961511,,,,,,
58,582_X,high freq,GAGGCDCAGGACACgATc,cTCCTGGATCTTCTGCATCTC,X,10000145,10000346,GAGGC[G/A/T]CAGGACACgATc,cTCCTGGATCTTCTGCATCTC,"[{'AgamS1', 'AgamP3', 'AmelC1'}, {'AmerM1', 'AaraD1', 'AquaS1'}, {'AsteS1', 'AsteI2'}]",15,20,AgamM1,201,201,162,162,30,0,26,0,0.75,E002410A;E002410C;E054460B,AGAP000562,No,No,AGAP000562-RA;AGAP000562-RC;AGAP000562-RB,None,No,,,,1.0,1-201,X:10000146-10000346,,,,,,
59,583_other,low freq,TGATAATGAaCGGTGTGAATCG,GTGTCATTTAACTCAATTGTAACTTCA,X,11953329,11953522,TGATAATGAaCGGTGTGAATCG,GTGTCATTTAACTCAATTGTAACTTCA,"[{'AgamM1', 'AgamP3'}, {'AsteS1', 'AsteI2'}]",13,15,AchrA1;AculA1;AsinS1;AatrE1;AdarC2;AalbS1,248,193,199,144,50,125,49,125,0.8666666666666667,None,None,Yes,No,None,None,No,,,,1.0,1-193,X:11953330-11953522,,,,,,
60,586_other,low freq,AaGACAGCTCCAATCAACA,cAAAGTCATGGCCCATTAATAA,X,18453263,18453484,AaGACAGCTCCAATCAACA,cAAAGTCATGGCCCATTAATAA,"[{'AgamM1', 'AgamP3'}, {'AsteS1', 'AsteI2'}]",10,12,AchrA1;AfunF1;AmacM1;AfarF1;AdirW1;AsinS1;AatrE1;AdarC2;AalbS1,273,221,232,180,43,128,42,127,0.8333333333333334,None,AGAP000962,No,Yes,AGAP000962-RA,None,No,,,,1.0,1-221,X:18453264-18453484,,,,,,
61,587_X,high freq,TTtCAGCAGAAACATCCACATG,GTTTCGATGTACTTGGTGGTTT,X,18742155,18742358,TTtCAGCAGAAACATCCACATG,GT[T/C]TCGATGTACTTGGTGGTTT,"[{'AgamS1', 'AgamM1', 'AgamP3'}, {'AquaS1', 'AaraD1'}, {'AculA1', 'AminM1'}, {'AsteS1', 'AsteI2'}]",15,20,AchrA1,227,203,183,159,41,24,39,24,0.75,E003998A,AGAP000974,No,Yes,AGAP000974-RA,None,No,,,,1.0,1-203,X:18742156-18742358,,,,,,
